date,day_of_week,page_loads,unique_visits,first_time_visits,returning_visits
9/14/2014,Sunday,2.146,1.582,1.43,152.0
9/15/2014,Monday,3.621,2.528,2.297,231.0
9/16/2014,Tuesday,3.698,2.63,2.352,278.0
9/17/2014,Wednesday,3.667,2.614,2.327,287.0
9/18/2014,Thursday,3.316,2.366,2.13,236.0
9/19/2014,Friday,2.815,1.863,1.622,241.0
9/20/2014,Saturday,1.658,1.118,985.0,133.0
9/21/2014,Sunday,2.288,1.656,1.481,175.0
9/22/2014,Monday,3.638,2.586,2.312,274.0
9/23/2014,Tuesday,4.462,3.257,2.989,268.0
9/24/2014,Wednesday,4.414,3.175,2.891,284.0
9/25/2014,Thursday,4.315,3.029,2.743,286.0
9/26/2014,Friday,3.323,2.249,2.033,216.0
9/27/2014,Saturday,1.656,1.18,1.04,140.0
9/28/2014,Sunday,2.465,1.806,1.613,193.0
9/29/2014,Monday,4.096,2.873,2.577,296.0
9/30/2014,Tuesday,4.474,3.032,2.72,312.0
10/1/2014,Wednesday,4.124,2.849,2.541,308.0
10/2/2014,Thursday,3.514,2.489,2.239,250.0
10/3/2014,Friday,3.005,2.097,1.856,241.0
10/4/2014,Saturday,2.054,1.436,1.274,162.0
10/5/2014,Sunday,2.847,1.913,1.713,200.0
10/6/2014,Monday,4.501,3.181,2.853,328.0
10/7/2014,Tuesday,4.603,3.163,2.804,359.0
10/8/2014,Wednesday,4.187,3.014,2.663,351.0
10/9/2014,Thursday,4.343,2.864,2.545,319.0
10/10/2014,Friday,3.565,2.382,2.1,282.0
10/11/2014,Saturday,2.08,1.457,1.28,177.0
10/12/2014,Sunday,3.031,2.089,1.856,233.0
10/13/2014,Monday,4.814,3.339,2.973,366.0
10/14/2014,Tuesday,5.04,3.604,3.217,387.0
10/15/2014,Wednesday,5.028,3.515,3.094,421.0
10/16/2014,Thursday,4.658,3.331,2.955,376.0
10/17/2014,Friday,3.624,2.477,2.148,329.0
10/18/2014,Saturday,2.285,1.619,1.416,203.0
10/19/2014,Sunday,3.454,2.346,2.06,286.0
10/20/2014,Monday,5.307,3.717,3.308,409.0
10/21/2014,Tuesday,5.135,3.701,3.28,421.0
10/22/2014,Wednesday,5.084,3.611,3.177,434.0
10/23/2014,Thursday,4.65,3.316,2.94,376.0
10/24/2014,Friday,3.571,2.498,2.17,328.0
10/25/2014,Saturday,2.354,1.661,1.417,244.0
10/26/2014,Sunday,3.497,2.508,2.218,290.0
10/27/2014,Monday,5.294,3.737,3.286,451.0
10/28/2014,Tuesday,4.643,3.328,2.905,423.0
10/29/2014,Wednesday,4.596,3.279,2.863,416.0
10/30/2014,Thursday,4.162,3.041,2.657,384.0
10/31/2014,Friday,2.933,2.007,1.728,279.0
11/1/2014,Saturday,2.202,1.496,1.27,226.0
11/2/2014,Sunday,3.083,2.204,1.94,264.0
11/3/2014,Monday,4.376,3.057,2.629,428.0
11/4/2014,Tuesday,4.704,3.141,2.739,402.0
11/5/2014,Wednesday,4.306,3.2,2.797,403.0
11/6/2014,Thursday,4.178,3.034,2.627,407.0
11/7/2014,Friday,3.236,2.318,1.975,343.0
11/8/2014,Saturday,2.01,1.536,1.345,191.0
11/9/2014,Sunday,2.901,2.141,1.849,292.0
11/10/2014,Monday,4.754,3.325,2.885,440.0
11/11/2014,Tuesday,4.417,3.203,2.793,410.0
11/12/2014,Wednesday,4.535,3.351,2.897,454.0
11/13/2014,Thursday,4.274,3.194,2.758,436.0
11/14/2014,Friday,3.382,2.423,2.061,362.0
11/15/2014,Saturday,2.085,1.488,1.28,208.0
11/16/2014,Sunday,3.083,2.215,1.926,289.0
11/17/2014,Monday,4.86,3.559,3.069,490.0
11/18/2014,Tuesday,4.893,3.57,3.133,437.0
11/19/2014,Wednesday,4.866,3.544,3.056,488.0
11/20/2014,Thursday,4.584,3.357,2.899,458.0
11/21/2014,Friday,3.914,2.75,2.361,389.0
11/22/2014,Saturday,2.431,1.716,1.463,253.0
11/23/2014,Sunday,3.157,2.369,2.082,287.0
11/24/2014,Monday,5.045,3.615,3.146,469.0
11/25/2014,Tuesday,4.746,3.236,2.821,415.0
11/26/2014,Wednesday,4.314,2.919,2.513,406.0
11/27/2014,Thursday,3.663,2.476,2.162,314.0
11/28/2014,Friday,3.27,2.268,1.931,337.0
11/29/2014,Saturday,2.905,1.976,1.695,281.0
11/30/2014,Sunday,4.016,2.832,2.489,343.0
12/1/2014,Monday,5.266,3.877,3.317,560.0
12/2/2014,Tuesday,5.795,4.274,3.7,574.0
12/3/2014,Wednesday,5.728,4.217,3.656,561.0
12/4/2014,Thursday,5.293,3.83,3.295,535.0
12/5/2014,Friday,3.934,2.856,2.479,377.0
12/6/2014,Saturday,3.071,2.165,1.855,310.0
12/7/2014,Sunday,3.876,2.984,2.582,402.0
12/8/2014,Monday,5.878,4.375,3.829,546.0
12/9/2014,Tuesday,5.712,4.187,3.635,552.0
12/10/2014,Wednesday,5.491,4.074,3.48,594.0
12/11/2014,Thursday,5.144,3.801,3.247,554.0
12/12/2014,Friday,3.88,2.86,2.418,442.0
12/13/2014,Saturday,2.605,1.838,1.538,300.0
12/14/2014,Sunday,3.625,2.65,2.259,391.0
12/15/2014,Monday,4.685,3.478,3.0,478.0
12/16/2014,Tuesday,4.891,3.338,2.861,477.0
12/17/2014,Wednesday,4.222,3.053,2.606,447.0
12/18/2014,Thursday,3.691,2.69,2.275,415.0
12/19/2014,Friday,2.748,1.879,1.559,320.0
12/20/2014,Saturday,1.38,1.011,836.0,175.0
12/21/2014,Sunday,1.474,1.054,876.0,178.0
12/22/2014,Monday,2.452,1.715,1.394,321.0
12/23/2014,Tuesday,2.298,1.44,1.159,281.0
12/24/2014,Wednesday,1.43,947.0,772.0,175.0
12/25/2014,Thursday,1.002,667.0,522.0,145.0
12/26/2014,Friday,1.486,1.005,808.0,197.0
12/27/2014,Saturday,1.345,941.0,781.0,160.0
12/28/2014,Sunday,1.453,948.0,765.0,183.0
12/29/2014,Monday,2.173,1.472,1.228,244.0
12/30/2014,Tuesday,2.208,1.424,1.172,252.0
12/31/2014,Wednesday,1.381,955.0,773.0,182.0
1/1/2015,Thursday,1.265,876.0,715.0,161.0
1/2/2015,Friday,1.948,1.288,1.03,258.0
1/3/2015,Saturday,1.742,1.096,946.0,150.0
1/4/2015,Sunday,1.896,1.409,1.186,223.0
1/5/2015,Monday,3.033,2.062,1.706,356.0
1/6/2015,Tuesday,3.445,2.327,1.942,385.0
1/7/2015,Wednesday,3.423,2.384,1.991,393.0
1/8/2015,Thursday,3.319,2.272,1.922,350.0
1/9/2015,Friday,2.783,1.941,1.663,278.0
1/10/2015,Saturday,1.952,1.24,1.066,174.0
1/11/2015,Sunday,2.245,1.611,1.391,220.0
1/12/2015,Monday,3.928,2.518,2.125,393.0
1/13/2015,Tuesday,3.81,2.621,2.239,382.0
1/14/2015,Wednesday,3.931,2.656,2.229,427.0
1/15/2015,Thursday,3.523,2.457,2.069,388.0
1/16/2015,Friday,2.943,1.928,1.64,288.0
1/17/2015,Saturday,1.751,1.237,1.052,185.0
1/18/2015,Sunday,2.491,1.762,1.541,221.0
1/19/2015,Monday,3.766,2.665,2.271,394.0
1/20/2015,Tuesday,4.194,2.852,2.423,429.0
1/21/2015,Wednesday,4.038,2.916,2.482,434.0
1/22/2015,Thursday,3.891,2.702,2.334,368.0
1/23/2015,Friday,3.111,2.181,1.897,284.0
1/24/2015,Saturday,1.946,1.414,1.239,175.0
1/25/2015,Sunday,2.802,2.01,1.74,270.0
1/26/2015,Monday,3.892,2.841,2.466,375.0
1/27/2015,Tuesday,4.172,3.003,2.592,411.0
1/28/2015,Wednesday,4.464,3.28,2.862,418.0
1/29/2015,Thursday,4.377,3.143,2.679,464.0
1/30/2015,Friday,3.734,2.514,2.129,385.0
1/31/2015,Saturday,2.262,1.657,1.443,214.0
2/1/2015,Sunday,3.05,2.122,1.825,297.0
2/2/2015,Monday,4.794,3.366,2.867,499.0
2/3/2015,Tuesday,4.936,3.423,2.922,501.0
2/4/2015,Wednesday,5.016,3.5,3.023,477.0
2/5/2015,Thursday,4.489,3.17,2.753,417.0
2/6/2015,Friday,3.505,2.468,2.075,393.0
2/7/2015,Saturday,2.264,1.679,1.437,242.0
2/8/2015,Sunday,3.314,2.435,2.1,335.0
2/9/2015,Monday,5.095,3.619,3.125,494.0
2/10/2015,Tuesday,5.525,3.793,3.272,521.0
2/11/2015,Wednesday,5.074,3.689,3.19,499.0
2/12/2015,Thursday,4.571,3.319,2.81,509.0
2/13/2015,Friday,3.57,2.664,2.253,411.0
2/14/2015,Saturday,2.182,1.565,1.323,242.0
2/15/2015,Sunday,3.265,2.277,1.935,342.0
2/16/2015,Monday,4.67,3.297,2.826,471.0
2/17/2015,Tuesday,4.764,3.452,2.957,495.0
2/18/2015,Wednesday,4.943,3.526,3.026,500.0
2/19/2015,Thursday,4.79,3.307,2.811,496.0
2/20/2015,Friday,3.604,2.621,2.241,380.0
2/21/2015,Saturday,2.455,1.823,1.569,254.0
2/22/2015,Sunday,3.65,2.69,2.329,361.0
2/23/2015,Monday,5.463,3.975,3.433,542.0
2/24/2015,Tuesday,5.884,4.112,3.542,570.0
2/25/2015,Wednesday,5.615,4.019,3.432,587.0
2/26/2015,Thursday,5.289,3.747,3.186,561.0
2/27/2015,Friday,4.434,2.969,2.486,483.0
2/28/2015,Saturday,2.665,1.977,1.694,283.0
3/1/2015,Sunday,3.907,2.906,2.519,387.0
3/2/2015,Monday,5.308,3.778,3.222,556.0
3/3/2015,Tuesday,5.773,4.025,3.49,535.0
3/4/2015,Wednesday,5.585,4.06,3.457,603.0
3/5/2015,Thursday,4.783,3.582,3.049,533.0
3/6/2015,Friday,3.893,2.707,2.259,448.0
3/7/2015,Saturday,2.917,2.048,1.723,325.0
3/8/2015,Sunday,3.353,2.468,2.104,364.0
3/9/2015,Monday,5.4,3.824,3.246,578.0
3/10/2015,Tuesday,5.395,3.926,3.35,576.0
3/11/2015,Wednesday,5.229,3.859,3.263,596.0
3/12/2015,Thursday,5.371,3.784,3.204,580.0
3/13/2015,Friday,4.185,3.045,2.559,486.0
3/14/2015,Saturday,2.724,1.988,1.675,313.0
3/15/2015,Sunday,3.59,2.62,2.196,424.0
3/16/2015,Monday,5.367,3.771,3.192,579.0
3/17/2015,Tuesday,5.44,3.968,3.387,581.0
3/18/2015,Wednesday,5.465,4.043,3.458,585.0
3/19/2015,Thursday,5.318,3.813,3.262,551.0
3/20/2015,Friday,4.225,2.916,2.462,454.0
3/21/2015,Saturday,2.687,1.975,1.667,308.0
3/22/2015,Sunday,3.791,2.786,2.388,398.0
3/23/2015,Monday,5.661,3.949,3.331,618.0
3/24/2015,Tuesday,5.759,4.081,3.487,594.0
3/25/2015,Wednesday,5.599,3.983,3.378,605.0
3/26/2015,Thursday,5.103,3.755,3.184,571.0
3/27/2015,Friday,4.313,2.946,2.446,500.0
3/28/2015,Saturday,2.971,2.011,1.651,360.0
3/29/2015,Sunday,3.662,2.693,2.285,408.0
3/30/2015,Monday,5.635,3.985,3.386,599.0
3/31/2015,Tuesday,5.581,3.963,3.359,604.0
4/1/2015,Wednesday,5.329,3.761,3.17,591.0
4/2/2015,Thursday,4.553,3.214,2.71,504.0
4/3/2015,Friday,3.423,2.404,1.988,416.0
4/4/2015,Saturday,2.708,1.807,1.512,295.0
4/5/2015,Sunday,3.306,2.266,1.895,371.0
4/6/2015,Monday,5.203,3.692,3.133,559.0
4/7/2015,Tuesday,5.712,4.104,3.456,648.0
4/8/2015,Wednesday,5.601,4.015,3.401,614.0
4/9/2015,Thursday,5.486,4.063,3.43,633.0
4/10/2015,Friday,4.178,3.213,2.697,516.0
4/11/2015,Saturday,2.878,2.153,1.835,318.0
4/12/2015,Sunday,4.169,2.903,2.447,456.0
4/13/2015,Monday,6.372,4.485,3.787,698.0
4/14/2015,Tuesday,6.24,4.391,3.698,693.0
4/15/2015,Wednesday,6.17,4.409,3.723,686.0
4/16/2015,Thursday,6.071,4.275,3.586,689.0
4/17/2015,Friday,4.682,3.307,2.741,566.0
4/18/2015,Saturday,3.208,2.291,1.894,397.0
4/19/2015,Sunday,4.31,3.144,2.669,475.0
4/20/2015,Monday,6.435,4.694,3.929,765.0
4/21/2015,Tuesday,6.299,4.455,3.769,686.0
4/22/2015,Wednesday,6.36,4.512,3.797,715.0
4/23/2015,Thursday,6.349,4.36,3.664,696.0
4/24/2015,Friday,4.66,3.387,2.845,542.0
4/25/2015,Saturday,3.354,2.42,2.035,385.0
4/26/2015,Sunday,4.371,3.189,2.688,501.0
4/27/2015,Monday,6.534,4.731,3.977,754.0
4/28/2015,Tuesday,6.832,4.941,4.161,780.0
4/29/2015,Wednesday,6.689,4.87,4.11,760.0
4/30/2015,Thursday,5.849,4.086,3.45,636.0
5/1/2015,Friday,4.247,3.064,2.562,502.0
5/2/2015,Saturday,3.219,2.36,1.958,402.0
5/3/2015,Sunday,4.211,3.21,2.765,445.0
5/4/2015,Monday,6.424,4.752,4.043,709.0
5/5/2015,Tuesday,6.223,4.52,3.818,702.0
5/6/2015,Wednesday,6.551,4.768,4.059,709.0
5/7/2015,Thursday,6.343,4.449,3.77,679.0
5/8/2015,Friday,4.696,3.366,2.824,542.0
5/9/2015,Saturday,3.134,2.239,1.846,393.0
5/10/2015,Sunday,3.868,2.844,2.365,479.0
5/11/2015,Monday,6.02,4.482,3.787,695.0
5/12/2015,Tuesday,5.705,4.16,3.49,670.0
5/13/2015,Wednesday,5.752,4.016,3.348,668.0
5/14/2015,Thursday,5.181,3.605,3.008,597.0
5/15/2015,Friday,4.269,2.913,2.404,509.0
5/16/2015,Saturday,2.633,1.818,1.473,345.0
5/17/2015,Sunday,3.336,2.376,1.988,388.0
5/18/2015,Monday,5.127,3.587,2.955,632.0
5/19/2015,Tuesday,5.449,3.767,3.149,618.0
5/20/2015,Wednesday,5.746,3.956,3.371,585.0
5/21/2015,Thursday,5.115,3.642,3.046,596.0
5/22/2015,Friday,3.995,2.749,2.243,506.0
5/23/2015,Saturday,2.618,1.884,1.585,299.0
5/24/2015,Sunday,2.961,2.117,1.763,354.0
5/25/2015,Monday,4.09,2.913,2.427,486.0
5/26/2015,Tuesday,5.201,3.637,3.073,564.0
5/27/2015,Wednesday,5.321,3.797,3.146,651.0
5/28/2015,Thursday,5.219,3.509,2.887,622.0
5/29/2015,Friday,4.017,2.804,2.338,466.0
5/30/2015,Saturday,2.297,1.629,1.346,283.0
5/31/2015,Sunday,3.145,2.226,1.86,366.0
6/1/2015,Monday,4.905,3.419,2.797,622.0
6/2/2015,Tuesday,4.747,3.284,2.701,583.0
6/3/2015,Wednesday,4.591,3.317,2.713,604.0
6/4/2015,Thursday,4.431,3.173,2.652,521.0
6/5/2015,Friday,3.608,2.523,2.068,455.0
6/6/2015,Saturday,2.422,1.673,1.336,337.0
6/7/2015,Sunday,3.132,2.145,1.79,355.0
6/8/2015,Monday,4.962,3.377,2.788,589.0
6/9/2015,Tuesday,4.881,3.469,2.862,607.0
6/10/2015,Wednesday,5.001,3.425,2.786,639.0
6/11/2015,Thursday,4.635,3.242,2.614,628.0
6/12/2015,Friday,3.545,2.494,2.066,428.0
6/13/2015,Saturday,2.262,1.49,1.235,255.0
6/14/2015,Sunday,2.866,2.034,1.692,342.0
6/15/2015,Monday,4.692,3.261,2.682,579.0
6/16/2015,Tuesday,4.602,3.204,2.66,544.0
6/17/2015,Wednesday,4.62,3.101,2.556,545.0
6/18/2015,Thursday,4.475,2.955,2.386,569.0
6/19/2015,Friday,3.564,2.422,1.954,468.0
6/20/2015,Saturday,2.071,1.37,1.129,241.0
6/21/2015,Sunday,2.659,1.84,1.523,317.0
6/22/2015,Monday,4.338,2.963,2.41,553.0
6/23/2015,Tuesday,4.531,3.139,2.566,573.0
6/24/2015,Wednesday,4.498,3.022,2.481,541.0
6/25/2015,Thursday,4.128,2.73,2.21,520.0
6/26/2015,Friday,3.132,2.153,1.721,432.0
6/27/2015,Saturday,1.829,1.264,1.067,197.0
6/28/2015,Sunday,2.149,1.517,1.224,293.0
6/29/2015,Monday,3.975,2.691,2.169,522.0
6/30/2015,Tuesday,4.046,2.718,2.18,538.0
7/1/2015,Wednesday,3.897,2.745,2.266,479.0
7/2/2015,Thursday,3.871,2.54,2.072,468.0
7/3/2015,Friday,2.63,1.716,1.353,363.0
7/4/2015,Saturday,1.602,1.104,900.0,204.0
7/5/2015,Sunday,1.96,1.37,1.141,229.0
7/6/2015,Monday,4.143,2.655,2.171,484.0
7/7/2015,Tuesday,4.205,2.789,2.266,523.0
7/8/2015,Wednesday,4.193,2.783,2.255,528.0
7/9/2015,Thursday,3.71,2.536,2.069,467.0
7/10/2015,Friday,3.137,2.203,1.767,436.0
7/11/2015,Saturday,1.834,1.145,944.0,201.0
7/12/2015,Sunday,2.07,1.473,1.197,276.0
7/13/2015,Monday,4.18,2.852,2.31,542.0
7/14/2015,Tuesday,4.038,2.731,2.226,505.0
7/15/2015,Wednesday,3.906,2.667,2.119,548.0
7/16/2015,Thursday,3.58,2.424,1.94,484.0
7/17/2015,Friday,2.948,2.07,1.708,362.0
7/18/2015,Saturday,1.622,1.121,924.0,197.0
7/19/2015,Sunday,2.179,1.48,1.214,266.0
7/20/2015,Monday,3.906,2.615,2.146,469.0
7/21/2015,Tuesday,3.745,2.596,2.071,525.0
7/22/2015,Wednesday,4.212,2.761,2.205,556.0
7/23/2015,Thursday,3.901,2.595,2.095,500.0
7/24/2015,Friday,3.292,2.207,1.785,422.0
7/25/2015,Saturday,1.819,1.229,1.016,213.0
7/26/2015,Sunday,2.068,1.562,1.286,276.0
7/27/2015,Monday,3.991,2.805,2.243,562.0
7/28/2015,Tuesday,4.073,2.862,2.361,501.0
7/29/2015,Wednesday,4.069,2.825,2.324,501.0
7/30/2015,Thursday,3.716,2.629,2.126,503.0
7/31/2015,Friday,3.38,2.12,1.709,411.0
8/1/2015,Saturday,1.737,1.197,958.0,239.0
8/2/2015,Sunday,2.181,1.567,1.282,285.0
8/3/2015,Monday,3.973,2.794,2.263,531.0
8/4/2015,Tuesday,3.997,2.794,2.269,525.0
8/5/2015,Wednesday,4.132,2.798,2.287,511.0
8/6/2015,Thursday,3.791,2.693,2.204,489.0
8/7/2015,Friday,2.968,2.139,1.738,401.0
8/8/2015,Saturday,1.752,1.266,1.021,245.0
8/9/2015,Sunday,2.07,1.497,1.231,266.0
8/10/2015,Monday,3.92,2.684,2.139,545.0
8/11/2015,Tuesday,4.106,2.791,2.266,525.0
8/12/2015,Wednesday,4.006,2.726,2.166,560.0
8/13/2015,Thursday,3.827,2.639,2.133,506.0
8/14/2015,Friday,2.944,1.973,1.564,409.0
8/15/2015,Saturday,1.827,1.193,954.0,239.0
8/16/2015,Sunday,2.373,1.658,1.369,289.0
8/17/2015,Monday,4.031,2.763,2.29,473.0
8/18/2015,Tuesday,4.027,2.78,2.248,532.0
8/19/2015,Wednesday,3.912,2.795,2.291,504.0
8/20/2015,Thursday,3.867,2.715,2.191,524.0
8/21/2015,Friday,3.304,2.238,1.806,432.0
8/22/2015,Saturday,1.685,1.208,1.011,197.0
8/23/2015,Sunday,2.13,1.542,1.282,260.0
8/24/2015,Monday,3.936,2.697,2.182,515.0
8/25/2015,Tuesday,4.029,2.744,2.203,541.0
8/26/2015,Wednesday,4.01,2.789,2.237,552.0
8/27/2015,Thursday,4.027,2.89,2.392,498.0
8/28/2015,Friday,2.829,2.0,1.585,415.0
8/29/2015,Saturday,1.736,1.227,1.023,204.0
8/30/2015,Sunday,2.517,1.686,1.416,270.0
8/31/2015,Monday,4.029,2.769,2.299,470.0
9/1/2015,Tuesday,4.261,2.89,2.358,532.0
9/2/2015,Wednesday,4.058,2.923,2.442,481.0
9/3/2015,Thursday,4.392,3.007,2.466,541.0
9/4/2015,Friday,3.072,2.221,1.846,375.0
9/5/2015,Saturday,1.799,1.284,1.068,216.0
9/6/2015,Sunday,2.341,1.611,1.345,266.0
9/7/2015,Monday,3.33,2.354,1.963,391.0
9/8/2015,Tuesday,4.734,3.381,2.833,548.0
9/9/2015,Wednesday,4.801,3.381,2.845,536.0
9/10/2015,Thursday,4.399,3.079,2.575,504.0
9/11/2015,Friday,3.275,2.375,1.958,417.0
9/12/2015,Saturday,2.042,1.429,1.223,206.0
9/13/2015,Sunday,2.827,2.103,1.844,259.0
9/14/2015,Monday,4.836,3.437,2.954,483.0
9/15/2015,Tuesday,4.84,3.465,2.944,521.0
9/16/2015,Wednesday,4.504,3.356,2.902,454.0
9/17/2015,Thursday,4.379,3.24,2.736,504.0
9/18/2015,Friday,3.391,2.428,2.024,404.0
9/19/2015,Saturday,2.045,1.513,1.278,235.0
9/20/2015,Sunday,2.721,2.081,1.817,264.0
9/21/2015,Monday,4.63,3.535,2.998,537.0
9/22/2015,Tuesday,4.748,3.54,3.004,536.0
9/23/2015,Wednesday,4.702,3.377,2.893,484.0
9/24/2015,Thursday,4.44,3.309,2.827,482.0
9/25/2015,Friday,3.513,2.518,2.116,402.0
9/26/2015,Saturday,2.253,1.633,1.395,238.0
9/27/2015,Sunday,3.141,2.291,1.98,311.0
9/28/2015,Monday,5.122,3.808,3.289,519.0
9/29/2015,Tuesday,5.151,3.868,3.305,563.0
9/30/2015,Wednesday,4.969,3.703,3.182,521.0
10/1/2015,Thursday,4.619,3.365,2.876,489.0
10/2/2015,Friday,3.443,2.598,2.196,402.0
10/3/2015,Saturday,2.302,1.754,1.503,251.0
10/4/2015,Sunday,3.291,2.506,2.173,333.0
10/5/2015,Monday,5.206,3.737,3.17,567.0
10/6/2015,Tuesday,5.474,3.94,3.337,603.0
10/7/2015,Wednesday,5.4,3.934,3.35,584.0
10/8/2015,Thursday,5.334,3.821,3.244,577.0
10/9/2015,Friday,4.174,3.022,2.547,475.0
10/10/2015,Saturday,2.571,1.853,1.597,256.0
10/11/2015,Sunday,3.572,2.636,2.283,353.0
10/12/2015,Monday,5.018,3.788,3.241,547.0
10/13/2015,Tuesday,5.565,4.159,3.536,623.0
10/14/2015,Wednesday,5.42,4.048,3.403,645.0
10/15/2015,Thursday,5.366,3.908,3.331,577.0
10/16/2015,Friday,4.091,3.002,2.507,495.0
10/17/2015,Saturday,2.824,2.087,1.77,317.0
10/18/2015,Sunday,3.843,2.825,2.441,384.0
10/19/2015,Monday,5.516,4.14,3.491,649.0
10/20/2015,Tuesday,5.572,4.121,3.46,661.0
10/21/2015,Wednesday,5.243,3.882,3.298,584.0
10/22/2015,Thursday,5.133,3.72,3.104,616.0
10/23/2015,Friday,4.084,2.947,2.441,506.0
10/24/2015,Saturday,2.739,1.978,1.647,331.0
10/25/2015,Sunday,3.781,2.857,2.435,422.0
10/26/2015,Monday,5.684,4.073,3.417,656.0
10/27/2015,Tuesday,5.687,4.179,3.534,645.0
10/28/2015,Wednesday,5.906,4.266,3.614,652.0
10/29/2015,Thursday,5.541,4.02,3.368,652.0
10/30/2015,Friday,4.171,3.043,2.501,542.0
10/31/2015,Saturday,2.586,1.82,1.496,324.0
11/1/2015,Sunday,3.838,2.922,2.456,466.0
11/2/2015,Monday,5.675,4.076,3.419,657.0
11/3/2015,Tuesday,5.624,4.178,3.504,674.0
11/4/2015,Wednesday,5.794,4.316,3.67,646.0
11/5/2015,Thursday,5.389,4.031,3.379,652.0
11/6/2015,Friday,4.305,3.047,2.522,525.0
11/7/2015,Saturday,3.281,2.202,1.854,348.0
11/8/2015,Sunday,3.79,2.837,2.418,419.0
11/9/2015,Monday,5.894,4.203,3.487,716.0
11/10/2015,Tuesday,5.461,4.048,3.388,660.0
11/11/2015,Wednesday,5.206,3.869,3.219,650.0
11/12/2015,Thursday,5.228,3.929,3.281,648.0
11/13/2015,Friday,4.097,2.971,2.436,535.0
11/14/2015,Saturday,2.694,1.964,1.616,348.0
11/15/2015,Sunday,3.893,2.93,2.483,447.0
11/16/2015,Monday,6.185,4.55,3.872,678.0
11/17/2015,Tuesday,6.178,4.503,3.795,708.0
11/18/2015,Wednesday,6.067,4.397,3.693,704.0
11/19/2015,Thursday,5.656,4.166,3.487,679.0
11/20/2015,Friday,4.398,3.173,2.645,528.0
11/21/2015,Saturday,2.836,2.086,1.741,345.0
11/22/2015,Sunday,3.896,2.927,2.424,503.0
11/23/2015,Monday,5.814,4.236,3.543,693.0
11/24/2015,Tuesday,5.879,4.14,3.475,665.0
11/25/2015,Wednesday,4.8,3.457,2.836,621.0
11/26/2015,Thursday,3.838,2.825,2.334,491.0
11/27/2015,Friday,3.576,2.579,2.118,461.0
11/28/2015,Saturday,2.799,1.974,1.652,322.0
11/29/2015,Sunday,4.228,3.127,2.605,522.0
11/30/2015,Monday,6.331,4.57,3.817,753.0
12/1/2015,Tuesday,6.38,4.743,4.027,716.0
12/2/2015,Wednesday,6.314,4.829,4.039,790.0
12/3/2015,Thursday,6.16,4.584,3.835,749.0
12/4/2015,Friday,4.859,3.615,2.995,620.0
12/5/2015,Saturday,3.317,2.468,2.04,428.0
12/6/2015,Sunday,4.715,3.55,2.972,578.0
12/7/2015,Monday,6.94,5.136,4.303,833.0
12/8/2015,Tuesday,6.551,4.866,4.068,798.0
12/9/2015,Wednesday,6.327,4.761,3.961,800.0
12/10/2015,Thursday,6.212,4.578,3.83,748.0
12/11/2015,Friday,4.687,3.388,2.771,617.0
12/12/2015,Saturday,3.014,2.283,1.856,427.0
12/13/2015,Sunday,4.132,3.064,2.548,516.0
12/14/2015,Monday,5.989,4.33,3.606,724.0
12/15/2015,Tuesday,5.331,3.967,3.309,658.0
12/16/2015,Wednesday,5.183,3.665,3.025,640.0
12/17/2015,Thursday,4.769,3.515,2.917,598.0
12/18/2015,Friday,3.627,2.518,2.071,447.0
12/19/2015,Saturday,1.857,1.319,1.087,232.0
12/20/2015,Sunday,2.221,1.489,1.204,285.0
12/21/2015,Monday,3.335,2.335,1.906,429.0
12/22/2015,Tuesday,2.883,2.047,1.639,408.0
12/23/2015,Wednesday,2.353,1.621,1.312,309.0
12/24/2015,Thursday,1.578,1.099,886.0,213.0
12/25/2015,Friday,1.017,724.0,586.0,138.0
12/26/2015,Saturday,1.334,936.0,760.0,176.0
12/27/2015,Sunday,1.69,1.155,947.0,208.0
12/28/2015,Monday,2.838,1.829,1.474,355.0
12/29/2015,Tuesday,2.815,1.786,1.419,367.0
12/30/2015,Wednesday,2.382,1.618,1.292,326.0
12/31/2015,Thursday,1.587,1.035,809.0,226.0
1/1/2016,Friday,1.411,960.0,786.0,174.0
1/2/2016,Saturday,1.838,1.197,969.0,228.0
1/3/2016,Sunday,2.18,1.562,1.279,283.0
1/4/2016,Monday,3.587,2.494,2.037,457.0
1/5/2016,Tuesday,3.855,2.742,2.23,512.0
1/6/2016,Wednesday,3.84,2.628,2.127,501.0
1/7/2016,Thursday,3.735,2.746,2.258,488.0
1/8/2016,Friday,3.223,2.286,1.86,426.0
1/9/2016,Saturday,2.207,1.531,1.28,251.0
1/10/2016,Sunday,2.814,2.0,1.661,339.0
1/11/2016,Monday,4.007,2.976,2.444,532.0
1/12/2016,Tuesday,4.119,2.961,2.385,576.0
1/13/2016,Wednesday,4.338,3.164,2.631,533.0
1/14/2016,Thursday,4.432,2.962,2.418,544.0
1/15/2016,Friday,3.306,2.349,1.866,483.0
1/16/2016,Saturday,2.223,1.557,1.262,295.0
1/17/2016,Sunday,2.757,2.002,1.635,367.0
1/18/2016,Monday,4.047,2.898,2.373,525.0
1/19/2016,Tuesday,4.489,3.19,2.566,624.0
1/20/2016,Wednesday,4.588,3.232,2.656,576.0
1/21/2016,Thursday,4.398,3.106,2.561,545.0
1/22/2016,Friday,3.34,2.455,1.99,465.0
1/23/2016,Saturday,2.344,1.639,1.338,301.0
1/24/2016,Sunday,2.973,2.094,1.736,358.0
1/25/2016,Monday,4.638,3.205,2.649,556.0
1/26/2016,Tuesday,4.791,3.409,2.834,575.0
1/27/2016,Wednesday,5.104,3.768,3.197,571.0
1/28/2016,Thursday,4.621,3.439,2.876,563.0
1/29/2016,Friday,3.831,2.715,2.232,483.0
1/30/2016,Saturday,2.295,1.69,1.4,290.0
1/31/2016,Sunday,3.235,2.462,2.05,412.0
2/1/2016,Monday,4.918,3.64,3.06,580.0
2/2/2016,Tuesday,5.127,3.783,3.195,588.0
2/3/2016,Wednesday,4.794,3.575,2.999,576.0
2/4/2016,Thursday,4.788,3.42,2.848,572.0
2/5/2016,Friday,3.948,2.727,2.256,471.0
2/6/2016,Saturday,2.383,1.765,1.477,288.0
2/7/2016,Sunday,2.95,2.231,1.839,392.0
2/8/2016,Monday,4.905,3.592,3.024,568.0
2/9/2016,Tuesday,5.353,3.931,3.299,632.0
2/10/2016,Wednesday,5.492,4.007,3.358,649.0
2/11/2016,Thursday,5.052,3.628,3.019,609.0
2/12/2016,Friday,3.764,2.807,2.3,507.0
2/13/2016,Saturday,2.458,1.788,1.459,329.0
2/14/2016,Sunday,3.098,2.277,1.866,411.0
2/15/2016,Monday,4.951,3.652,3.039,613.0
2/16/2016,Tuesday,5.495,4.0,3.304,696.0
2/17/2016,Wednesday,5.505,4.062,3.375,687.0
2/18/2016,Thursday,5.188,3.812,3.156,656.0
2/19/2016,Friday,4.002,2.932,2.377,555.0
2/20/2016,Saturday,2.607,1.888,1.537,351.0
2/21/2016,Sunday,3.906,2.838,2.355,483.0
2/22/2016,Monday,6.36,4.432,3.684,748.0
2/23/2016,Tuesday,6.046,4.46,3.714,746.0
2/24/2016,Wednesday,5.938,4.309,3.499,810.0
2/25/2016,Thursday,5.325,3.892,3.199,693.0
2/26/2016,Friday,4.165,3.048,2.49,558.0
2/27/2016,Saturday,2.829,2.096,1.726,370.0
2/28/2016,Sunday,4.09,2.979,2.462,517.0
2/29/2016,Monday,5.734,4.224,3.493,731.0
3/1/2016,Tuesday,6.214,4.474,3.731,743.0
3/2/2016,Wednesday,5.906,4.333,3.597,736.0
3/3/2016,Thursday,5.814,4.191,3.419,772.0
3/4/2016,Friday,4.507,3.188,2.624,564.0
3/5/2016,Saturday,2.859,2.064,1.718,346.0
3/6/2016,Sunday,3.897,2.806,2.326,480.0
3/7/2016,Monday,5.849,4.24,3.503,737.0
3/8/2016,Tuesday,6.264,4.526,3.743,783.0
3/9/2016,Wednesday,6.062,4.404,3.624,780.0
3/10/2016,Thursday,5.685,4.159,3.415,744.0
3/11/2016,Friday,4.391,3.241,2.627,614.0
3/12/2016,Saturday,2.88,2.046,1.638,408.0
3/13/2016,Sunday,3.74,2.673,2.163,510.0
3/14/2016,Monday,5.71,4.261,3.469,792.0
3/15/2016,Tuesday,5.168,3.778,3.047,731.0
3/16/2016,Wednesday,5.577,4.062,3.287,775.0
3/17/2016,Thursday,5.238,3.827,3.134,693.0
3/18/2016,Friday,3.931,2.871,2.32,551.0
3/19/2016,Saturday,2.606,1.892,1.568,324.0
3/20/2016,Sunday,3.149,2.41,2.028,382.0
3/21/2016,Monday,5.565,3.968,3.274,694.0
3/22/2016,Tuesday,5.281,3.77,3.035,735.0
3/23/2016,Wednesday,5.202,3.78,3.146,634.0
3/24/2016,Thursday,4.581,3.203,2.649,554.0
3/25/2016,Friday,3.264,2.281,1.847,434.0
3/26/2016,Saturday,2.344,1.759,1.393,366.0
3/27/2016,Sunday,3.112,2.311,1.89,421.0
3/28/2016,Monday,5.051,3.655,2.985,670.0
3/29/2016,Tuesday,5.333,3.944,3.217,727.0
3/30/2016,Wednesday,5.671,4.078,3.369,709.0
3/31/2016,Thursday,5.097,3.707,3.026,681.0
4/1/2016,Friday,4.555,2.971,2.408,563.0
4/2/2016,Saturday,2.987,2.129,1.737,392.0
4/3/2016,Sunday,4.257,2.964,2.421,543.0
4/4/2016,Monday,5.804,4.216,3.426,790.0
4/5/2016,Tuesday,5.885,4.379,3.597,782.0
4/6/2016,Wednesday,6.054,4.293,3.522,771.0
4/7/2016,Thursday,5.791,4.147,3.422,725.0
4/8/2016,Friday,4.741,3.43,2.82,610.0
4/9/2016,Saturday,2.946,2.14,1.74,400.0
4/10/2016,Sunday,4.071,2.864,2.33,534.0
4/11/2016,Monday,6.265,4.503,3.667,836.0
4/12/2016,Tuesday,6.298,4.626,3.769,857.0
4/13/2016,Wednesday,6.495,4.628,3.791,837.0
4/14/2016,Thursday,5.536,4.189,3.431,758.0
4/15/2016,Friday,4.737,3.447,2.785,662.0
4/16/2016,Saturday,3.232,2.333,1.862,471.0
4/17/2016,Sunday,4.201,3.093,2.504,589.0
4/18/2016,Monday,6.806,4.769,3.92,849.0
4/19/2016,Tuesday,6.769,4.817,3.94,877.0
4/20/2016,Wednesday,6.581,4.824,3.926,898.0
4/21/2016,Thursday,6.254,4.537,3.707,830.0
4/22/2016,Friday,5.163,3.685,3.009,676.0
4/23/2016,Saturday,3.851,2.595,2.113,482.0
4/24/2016,Sunday,4.695,3.386,2.761,625.0
4/25/2016,Monday,7.098,5.224,4.237,987.0
4/26/2016,Tuesday,7.156,5.392,4.468,924.0
4/27/2016,Wednesday,6.836,5.056,4.13,926.0
4/28/2016,Thursday,6.329,4.724,3.892,832.0
4/29/2016,Friday,4.99,3.608,2.922,686.0
4/30/2016,Saturday,3.536,2.489,1.993,496.0
5/1/2016,Sunday,4.366,3.236,2.605,631.0
5/2/2016,Monday,6.51,4.786,3.909,877.0
5/3/2016,Tuesday,6.855,4.962,4.085,877.0
5/4/2016,Wednesday,6.599,4.651,3.744,907.0
5/5/2016,Thursday,5.51,4.105,3.375,730.0
5/6/2016,Friday,4.549,3.245,2.639,606.0
5/7/2016,Saturday,3.064,2.167,1.76,407.0
5/8/2016,Sunday,3.633,2.663,2.18,483.0
5/9/2016,Monday,5.838,4.283,3.489,794.0
5/10/2016,Tuesday,6.026,4.336,3.581,755.0
5/11/2016,Wednesday,5.78,4.226,3.479,747.0
5/12/2016,Thursday,5.131,3.781,3.101,680.0
5/13/2016,Friday,3.928,2.845,2.294,551.0
5/14/2016,Saturday,2.636,1.93,1.552,378.0
5/15/2016,Sunday,3.278,2.366,1.922,444.0
5/16/2016,Monday,4.785,3.56,2.882,678.0
5/17/2016,Tuesday,4.886,3.601,2.914,687.0
5/18/2016,Wednesday,5.145,3.672,2.987,685.0
5/19/2016,Thursday,5.849,4.211,3.484,727.0
5/20/2016,Friday,4.456,3.324,2.725,599.0
5/21/2016,Saturday,2.96,2.138,1.716,422.0
5/22/2016,Sunday,3.885,2.86,2.338,522.0
5/23/2016,Monday,5.857,4.155,3.368,787.0
5/24/2016,Tuesday,6.162,4.345,3.526,819.0
5/25/2016,Wednesday,6.014,4.254,3.398,856.0
5/26/2016,Thursday,5.652,4.119,3.385,734.0
5/27/2016,Friday,4.793,3.34,2.692,648.0
5/28/2016,Saturday,2.819,1.995,1.611,384.0
5/29/2016,Sunday,3.687,2.546,2.067,479.0
5/30/2016,Monday,4.851,3.399,2.701,698.0
5/31/2016,Tuesday,5.775,4.216,3.413,803.0
6/1/2016,Wednesday,5.443,3.962,3.193,769.0
6/2/2016,Thursday,5.59,3.959,3.176,783.0
6/3/2016,Friday,4.482,3.164,2.489,675.0
6/4/2016,Saturday,2.792,1.947,1.533,414.0
6/5/2016,Sunday,3.371,2.449,1.979,470.0
6/6/2016,Monday,5.547,3.832,3.036,796.0
6/7/2016,Tuesday,5.468,3.954,3.226,728.0
6/8/2016,Wednesday,5.104,3.751,3.064,687.0
6/9/2016,Thursday,4.728,3.485,2.812,673.0
6/10/2016,Friday,4.024,2.855,2.29,565.0
6/11/2016,Saturday,2.35,1.677,1.348,329.0
6/12/2016,Sunday,3.234,2.196,1.779,417.0
6/13/2016,Monday,4.948,3.55,2.79,760.0
6/14/2016,Tuesday,5.247,3.76,3.052,708.0
6/15/2016,Wednesday,5.003,3.557,2.81,747.0
6/16/2016,Thursday,4.816,3.482,2.775,707.0
6/17/2016,Friday,4.208,2.818,2.267,551.0
6/18/2016,Saturday,2.454,1.668,1.357,311.0
6/19/2016,Sunday,2.763,1.919,1.506,413.0
6/20/2016,Monday,4.954,3.522,2.829,693.0
6/21/2016,Tuesday,4.903,3.47,2.793,677.0
6/22/2016,Wednesday,4.907,3.464,2.772,692.0
6/23/2016,Thursday,4.625,3.336,2.669,667.0
6/24/2016,Friday,3.497,2.482,1.947,535.0
6/25/2016,Saturday,1.826,1.358,1.101,257.0
6/26/2016,Sunday,2.307,1.721,1.356,365.0
6/27/2016,Monday,4.368,3.078,2.433,645.0
6/28/2016,Tuesday,4.233,3.091,2.466,625.0
6/29/2016,Wednesday,4.187,2.948,2.377,571.0
6/30/2016,Thursday,3.811,2.726,2.135,591.0
7/1/2016,Friday,3.179,2.226,1.73,496.0
7/2/2016,Saturday,1.615,1.039,814.0,225.0
7/3/2016,Sunday,1.788,1.307,1.028,279.0
7/4/2016,Monday,2.959,2.144,1.653,491.0
7/5/2016,Tuesday,3.947,2.84,2.235,605.0
7/6/2016,Wednesday,3.841,2.821,2.248,573.0
7/7/2016,Thursday,3.729,2.7,2.148,552.0
7/8/2016,Friday,3.324,2.381,1.891,490.0
7/9/2016,Saturday,1.795,1.305,1.036,269.0
7/10/2016,Sunday,2.373,1.655,1.321,334.0
7/11/2016,Monday,4.101,2.855,2.208,647.0
7/12/2016,Tuesday,4.241,2.96,2.352,608.0
7/13/2016,Wednesday,4.478,3.189,2.578,611.0
7/14/2016,Thursday,3.961,2.814,2.214,600.0
7/15/2016,Friday,3.367,2.325,1.796,529.0
7/16/2016,Saturday,1.828,1.222,951.0,271.0
7/17/2016,Sunday,2.344,1.636,1.319,317.0
7/18/2016,Monday,4.415,3.007,2.382,625.0
7/19/2016,Tuesday,4.403,3.151,2.502,649.0
7/20/2016,Wednesday,4.244,3.082,2.45,632.0
7/21/2016,Thursday,4.322,3.077,2.404,673.0
7/22/2016,Friday,3.456,2.431,1.936,495.0
7/23/2016,Saturday,2.068,1.407,1.099,308.0
7/24/2016,Sunday,2.568,1.755,1.374,381.0
7/25/2016,Monday,4.77,3.32,2.628,692.0
7/26/2016,Tuesday,4.621,3.277,2.595,682.0
7/27/2016,Wednesday,4.47,3.164,2.513,651.0
7/28/2016,Thursday,4.307,3.077,2.459,618.0
7/29/2016,Friday,3.37,2.366,1.818,548.0
7/30/2016,Saturday,1.96,1.341,1.017,324.0
7/31/2016,Sunday,2.412,1.765,1.423,342.0
8/1/2016,Monday,4.504,3.095,2.489,606.0
8/2/2016,Tuesday,4.382,3.138,2.499,639.0
8/3/2016,Wednesday,4.71,3.369,2.697,672.0
8/4/2016,Thursday,4.324,3.106,2.479,627.0
8/5/2016,Friday,3.472,2.497,1.98,517.0
8/6/2016,Saturday,1.909,1.339,1.081,258.0
8/7/2016,Sunday,2.365,1.688,1.334,354.0
8/8/2016,Monday,4.46,3.056,2.438,618.0
8/9/2016,Tuesday,4.479,3.135,2.482,653.0
8/10/2016,Wednesday,4.51,3.207,2.55,657.0
8/11/2016,Thursday,4.34,3.111,2.491,620.0
8/12/2016,Friday,3.508,2.436,1.933,503.0
8/13/2016,Saturday,2.03,1.42,1.122,298.0
8/14/2016,Sunday,2.586,1.749,1.399,350.0
8/15/2016,Monday,4.476,2.97,2.346,624.0
8/16/2016,Tuesday,3.232,2.299,1.823,476.0
8/17/2016,Wednesday,4.291,3.106,2.498,608.0
8/18/2016,Thursday,4.247,2.926,2.327,599.0
8/19/2016,Friday,3.477,2.539,2.045,494.0
8/20/2016,Saturday,2.169,1.47,1.169,301.0
8/21/2016,Sunday,2.43,1.808,1.453,355.0
8/22/2016,Monday,4.358,3.082,2.439,643.0
8/23/2016,Tuesday,4.465,3.249,2.55,699.0
8/24/2016,Wednesday,4.55,3.21,2.615,595.0
8/25/2016,Thursday,4.147,3.011,2.38,631.0
8/26/2016,Friday,3.634,2.532,2.0,532.0
8/27/2016,Saturday,2.014,1.43,1.141,289.0
8/28/2016,Sunday,2.687,1.91,1.555,355.0
8/29/2016,Monday,4.376,3.115,2.521,594.0
8/30/2016,Tuesday,4.318,3.226,2.622,604.0
8/31/2016,Wednesday,4.441,3.219,2.62,599.0
9/1/2016,Thursday,4.234,3.116,2.556,560.0
9/2/2016,Friday,3.027,2.23,1.762,468.0
9/3/2016,Saturday,1.966,1.376,1.101,275.0
9/4/2016,Sunday,2.446,1.761,1.452,309.0
9/5/2016,Monday,3.779,2.643,2.145,498.0
9/6/2016,Tuesday,4.619,3.341,2.727,614.0
9/7/2016,Wednesday,4.983,3.584,2.925,659.0
9/8/2016,Thursday,4.645,3.319,2.716,603.0
9/9/2016,Friday,3.612,2.63,2.139,491.0
9/10/2016,Saturday,2.153,1.577,1.323,254.0
9/11/2016,Sunday,3.089,2.307,1.978,329.0
9/12/2016,Monday,4.58,3.446,2.882,564.0
9/13/2016,Tuesday,4.788,3.625,2.992,633.0
9/14/2016,Wednesday,5.095,3.759,3.113,646.0
9/15/2016,Thursday,4.668,3.454,2.86,594.0
9/16/2016,Friday,3.711,2.785,2.272,513.0
9/17/2016,Saturday,2.523,1.861,1.577,284.0
9/18/2016,Sunday,3.364,2.547,2.122,425.0
9/19/2016,Monday,5.513,4.05,3.321,729.0
9/20/2016,Tuesday,5.362,3.762,3.095,667.0
9/21/2016,Wednesday,5.402,3.987,3.293,694.0
9/22/2016,Thursday,5.398,3.996,3.299,697.0
9/23/2016,Friday,3.783,2.663,2.134,529.0
9/24/2016,Saturday,2.395,1.797,1.503,294.0
9/25/2016,Sunday,3.679,2.719,2.289,430.0
9/26/2016,Monday,5.688,4.325,3.57,755.0
9/27/2016,Tuesday,5.842,4.382,3.645,737.0
9/28/2016,Wednesday,5.923,4.458,3.682,776.0
9/29/2016,Thursday,5.717,4.222,3.487,735.0
9/30/2016,Friday,4.25,3.176,2.565,611.0
10/1/2016,Saturday,2.525,1.986,1.656,330.0
10/2/2016,Sunday,3.923,3.023,2.559,464.0
10/3/2016,Monday,5.785,4.281,3.545,736.0
10/4/2016,Tuesday,6.052,4.522,3.78,742.0
10/5/2016,Wednesday,6.15,4.588,3.814,774.0
10/6/2016,Thursday,5.591,4.134,3.419,715.0
10/7/2016,Friday,4.279,3.196,2.616,580.0
10/8/2016,Saturday,2.897,2.066,1.717,349.0
10/9/2016,Sunday,3.904,2.873,2.374,499.0
10/10/2016,Monday,5.458,4.145,3.442,703.0
10/11/2016,Tuesday,5.909,4.399,3.685,714.0
10/12/2016,Wednesday,6.175,4.62,3.823,797.0
10/13/2016,Thursday,5.856,4.422,3.581,841.0
10/14/2016,Friday,4.61,3.505,2.837,668.0
10/15/2016,Saturday,3.081,2.269,1.864,405.0
10/16/2016,Sunday,4.39,3.265,2.718,547.0
10/17/2016,Monday,6.507,4.917,4.018,899.0
10/18/2016,Tuesday,6.941,5.103,4.189,914.0
10/19/2016,Wednesday,6.576,4.776,3.961,815.0
10/20/2016,Thursday,5.985,4.462,3.701,761.0
10/21/2016,Friday,4.789,3.497,2.84,657.0
10/22/2016,Saturday,3.263,2.292,1.881,411.0
10/23/2016,Sunday,4.18,3.135,2.561,574.0
10/24/2016,Monday,6.371,4.865,3.993,872.0
10/25/2016,Tuesday,6.648,4.96,4.07,890.0
10/26/2016,Wednesday,6.501,4.777,3.88,897.0
10/27/2016,Thursday,6.088,4.431,3.574,857.0
10/28/2016,Friday,4.376,3.179,2.51,669.0
10/29/2016,Saturday,2.733,1.955,1.549,406.0
10/30/2016,Sunday,3.953,2.921,2.344,577.0
10/31/2016,Monday,6.108,4.416,3.563,853.0
11/1/2016,Tuesday,5.668,4.185,3.36,825.0
11/2/2016,Wednesday,6.159,4.508,3.663,845.0
11/3/2016,Thursday,5.81,4.241,3.426,815.0
11/4/2016,Friday,4.491,3.394,2.67,724.0
11/5/2016,Saturday,3.11,2.263,1.842,421.0
11/6/2016,Sunday,4.418,3.281,2.713,568.0
11/7/2016,Monday,6.529,4.488,3.573,915.0
11/8/2016,Tuesday,5.756,4.251,3.437,814.0
11/9/2016,Wednesday,5.716,4.102,3.315,787.0
11/10/2016,Thursday,5.323,4.022,3.246,776.0
11/11/2016,Friday,4.28,3.085,2.441,644.0
11/12/2016,Saturday,2.982,2.169,1.777,392.0
11/13/2016,Sunday,4.365,3.172,2.595,577.0
11/14/2016,Monday,6.627,4.888,3.942,946.0
11/15/2016,Tuesday,6.467,4.808,3.905,903.0
11/16/2016,Wednesday,6.631,4.903,3.984,919.0
11/17/2016,Thursday,6.378,4.681,3.779,902.0
11/18/2016,Friday,4.767,3.424,2.734,690.0
11/19/2016,Saturday,3.501,2.58,2.136,444.0
11/20/2016,Sunday,4.647,3.426,2.777,649.0
11/21/2016,Monday,6.336,4.693,3.788,905.0
11/22/2016,Tuesday,6.222,4.564,3.646,918.0
11/23/2016,Wednesday,5.527,3.904,3.082,822.0
11/24/2016,Thursday,4.267,3.197,2.561,636.0
11/25/2016,Friday,3.733,2.678,2.135,543.0
11/26/2016,Saturday,3.299,2.394,1.907,487.0
11/27/2016,Sunday,4.53,3.396,2.722,674.0
11/28/2016,Monday,6.908,5.047,4.167,880.0
11/29/2016,Tuesday,7.714,5.338,4.369,969.0
11/30/2016,Wednesday,7.49,5.425,4.389,1.036
12/1/2016,Thursday,7.19,5.081,4.12,961.0
12/2/2016,Friday,5.391,3.977,3.171,806.0
12/3/2016,Saturday,3.575,2.667,2.178,489.0
12/4/2016,Sunday,5.285,4.031,3.247,784.0
12/5/2016,Monday,7.33,5.439,4.452,987.0
12/6/2016,Tuesday,7.489,5.479,4.5,979.0
12/7/2016,Wednesday,7.345,5.467,4.469,998.0
12/8/2016,Thursday,6.679,4.991,3.998,993.0
12/9/2016,Friday,5.403,3.97,3.19,780.0
12/10/2016,Saturday,3.573,2.712,2.203,509.0
12/11/2016,Sunday,4.834,3.515,2.838,677.0
12/12/2016,Monday,6.905,4.945,3.988,957.0
12/13/2016,Tuesday,6.743,4.927,3.942,985.0
12/14/2016,Wednesday,6.201,4.488,3.593,895.0
12/15/2016,Thursday,5.571,4.071,3.229,842.0
12/16/2016,Friday,3.872,2.78,2.191,589.0
12/17/2016,Saturday,2.613,1.884,1.48,404.0
12/18/2016,Sunday,3.109,2.293,1.853,440.0
12/19/2016,Monday,4.324,3.145,2.477,668.0
12/20/2016,Tuesday,4.226,3.064,2.339,725.0
12/21/2016,Wednesday,3.991,2.914,2.278,636.0
12/22/2016,Thursday,3.16,2.211,1.728,483.0
12/23/2016,Friday,2.386,1.626,1.257,369.0
12/24/2016,Saturday,1.115,825.0,634.0,191.0
12/25/2016,Sunday,1.387,930.0,740.0,190.0
12/26/2016,Monday,2.147,1.418,1.142,276.0
12/27/2016,Tuesday,2.686,1.777,1.349,428.0
12/28/2016,Wednesday,2.885,1.915,1.476,439.0
12/29/2016,Thursday,2.694,1.837,1.4,437.0
12/30/2016,Friday,2.273,1.541,1.164,377.0
12/31/2016,Saturday,1.188,836.0,643.0,193.0
1/1/2017,Sunday,1.447,1.039,832.0,207.0
1/2/2017,Monday,2.568,1.844,1.448,396.0
1/3/2017,Tuesday,3.566,2.527,1.97,557.0
1/4/2017,Wednesday,3.941,2.816,2.226,590.0
1/5/2017,Thursday,3.841,2.625,2.058,567.0
1/6/2017,Friday,3.261,2.338,1.812,526.0
1/7/2017,Saturday,2.241,1.523,1.204,319.0
1/8/2017,Sunday,2.679,1.892,1.519,373.0
1/9/2017,Monday,4.182,2.841,2.191,650.0
1/10/2017,Tuesday,4.236,3.039,2.391,648.0
1/11/2017,Wednesday,4.628,3.206,2.536,670.0
1/12/2017,Thursday,4.205,3.025,2.403,622.0
1/13/2017,Friday,3.459,2.508,2.033,475.0
1/14/2017,Saturday,2.448,1.744,1.39,354.0
1/15/2017,Sunday,2.853,2.015,1.586,429.0
1/16/2017,Monday,4.638,3.178,2.543,635.0
1/17/2017,Tuesday,5.325,3.669,2.942,727.0
1/18/2017,Wednesday,4.866,3.364,2.67,694.0
1/19/2017,Thursday,4.715,3.375,2.689,686.0
1/20/2017,Friday,3.753,2.713,2.136,577.0
1/21/2017,Saturday,2.481,1.778,1.437,341.0
1/22/2017,Sunday,3.233,2.401,1.981,420.0
1/23/2017,Monday,5.034,3.66,2.957,703.0
1/24/2017,Tuesday,4.787,3.593,2.909,684.0
1/25/2017,Wednesday,4.901,3.602,2.923,679.0
1/26/2017,Thursday,4.398,3.266,2.653,613.0
1/27/2017,Friday,3.823,2.832,2.267,565.0
1/28/2017,Saturday,2.619,1.901,1.534,367.0
1/29/2017,Sunday,3.518,2.612,2.205,407.0
1/30/2017,Monday,5.178,3.826,3.127,699.0
1/31/2017,Tuesday,5.29,3.876,3.127,749.0
2/1/2017,Wednesday,5.469,4.116,3.402,714.0
2/2/2017,Thursday,5.399,4.028,3.303,725.0
2/3/2017,Friday,4.232,3.012,2.342,670.0
2/4/2017,Saturday,2.828,2.084,1.697,387.0
2/5/2017,Sunday,3.724,2.783,2.281,502.0
2/6/2017,Monday,5.733,4.249,3.448,801.0
2/7/2017,Tuesday,5.814,4.284,3.521,763.0
2/8/2017,Wednesday,5.349,4.006,3.248,758.0
2/9/2017,Thursday,5.025,3.681,3.01,671.0
2/10/2017,Friday,4.044,2.922,2.335,587.0
2/11/2017,Saturday,2.323,1.731,1.377,354.0
2/12/2017,Sunday,3.147,2.469,2.005,464.0
2/13/2017,Monday,4.972,3.719,3.014,705.0
2/14/2017,Tuesday,4.878,3.582,2.897,685.0
2/15/2017,Wednesday,5.288,3.786,3.039,747.0
2/16/2017,Thursday,4.968,3.668,2.934,734.0
2/17/2017,Friday,3.788,2.748,2.158,590.0
2/18/2017,Saturday,2.514,1.839,1.496,343.0
2/19/2017,Sunday,3.463,2.602,2.083,519.0
2/20/2017,Monday,4.931,3.7,3.009,691.0
2/21/2017,Tuesday,5.101,3.873,3.079,794.0
2/22/2017,Wednesday,5.144,3.727,2.998,729.0
2/23/2017,Thursday,4.433,3.372,2.657,715.0
2/24/2017,Friday,3.597,2.648,2.111,537.0
2/25/2017,Saturday,2.621,1.826,1.482,344.0
2/26/2017,Sunday,3.397,2.494,2.021,473.0
2/27/2017,Monday,5.062,3.812,3.009,803.0
2/28/2017,Tuesday,4.926,3.678,2.933,745.0
3/1/2017,Wednesday,4.936,3.558,2.822,736.0
3/2/2017,Thursday,4.688,3.441,2.747,694.0
3/3/2017,Friday,3.827,2.699,2.14,559.0
3/4/2017,Saturday,2.452,1.754,1.408,346.0
3/5/2017,Sunday,3.283,2.394,1.958,436.0
3/6/2017,Monday,4.823,3.481,2.764,717.0
3/7/2017,Tuesday,4.821,3.662,2.942,720.0
3/8/2017,Wednesday,5.059,3.613,2.923,690.0
3/9/2017,Thursday,4.585,3.444,2.744,700.0
3/10/2017,Friday,3.682,2.733,2.178,555.0
3/11/2017,Saturday,2.35,1.714,1.351,363.0
3/12/2017,Sunday,3.056,2.189,1.755,434.0
3/13/2017,Monday,4.746,3.367,2.721,646.0
3/14/2017,Tuesday,4.613,3.465,2.808,657.0
3/15/2017,Wednesday,4.56,3.441,2.694,747.0
3/16/2017,Thursday,4.52,3.304,2.629,675.0
3/17/2017,Friday,3.346,2.433,1.93,503.0
3/18/2017,Saturday,2.253,1.649,1.325,324.0
3/19/2017,Sunday,2.927,2.267,1.807,460.0
3/20/2017,Monday,4.878,3.463,2.799,664.0
3/21/2017,Tuesday,4.852,3.481,2.802,679.0
3/22/2017,Wednesday,4.585,3.43,2.757,673.0
3/23/2017,Thursday,4.477,3.26,2.6,660.0
3/24/2017,Friday,3.654,2.566,1.993,573.0
3/25/2017,Saturday,2.411,1.76,1.42,340.0
3/26/2017,Sunday,3.054,2.336,1.882,454.0
3/27/2017,Monday,4.696,3.479,2.765,714.0
3/28/2017,Tuesday,5.033,3.633,2.875,758.0
3/29/2017,Wednesday,4.948,3.53,2.809,721.0
3/30/2017,Thursday,4.636,3.39,2.704,686.0
3/31/2017,Friday,3.539,2.636,2.06,576.0
4/1/2017,Saturday,2.371,1.678,1.338,340.0
4/2/2017,Sunday,2.816,2.159,1.715,444.0
4/3/2017,Monday,4.493,3.356,2.672,684.0
4/4/2017,Tuesday,4.678,3.486,2.739,747.0
4/5/2017,Wednesday,4.737,3.484,2.762,722.0
4/6/2017,Thursday,4.775,3.514,2.806,708.0
4/7/2017,Friday,3.658,2.725,2.181,544.0
4/8/2017,Saturday,2.26,1.664,1.324,340.0
4/9/2017,Sunday,3.343,2.433,1.933,500.0
4/10/2017,Monday,4.64,3.44,2.756,684.0
4/11/2017,Tuesday,4.694,3.532,2.867,665.0
4/12/2017,Wednesday,4.771,3.517,2.8,717.0
4/13/2017,Thursday,4.173,3.017,2.395,622.0
4/14/2017,Friday,3.046,2.238,1.752,486.0
4/15/2017,Saturday,2.26,1.701,1.333,368.0
4/16/2017,Sunday,2.876,2.143,1.7,443.0
4/17/2017,Monday,4.774,3.402,2.719,683.0
4/18/2017,Tuesday,5.009,3.702,2.906,796.0
4/19/2017,Wednesday,5.369,3.852,3.133,719.0
4/20/2017,Thursday,5.02,3.669,2.969,700.0
4/21/2017,Friday,3.935,2.802,2.203,599.0
4/22/2017,Saturday,2.795,2.049,1.63,419.0
4/23/2017,Sunday,3.795,2.827,2.305,522.0
4/24/2017,Monday,5.489,4.083,3.252,831.0
4/25/2017,Tuesday,5.68,4.108,3.336,772.0
4/26/2017,Wednesday,5.383,3.94,3.205,735.0
4/27/2017,Thursday,4.89,3.695,2.985,710.0
4/28/2017,Friday,3.872,2.887,2.31,577.0
4/29/2017,Saturday,2.79,1.987,1.602,385.0
4/30/2017,Sunday,3.524,2.616,2.118,498.0
5/1/2017,Monday,4.903,3.551,2.875,676.0
5/2/2017,Tuesday,5.16,3.802,3.079,723.0
5/3/2017,Wednesday,5.194,3.766,2.995,771.0
5/4/2017,Thursday,5.142,3.755,3.013,742.0
5/5/2017,Friday,3.836,2.925,2.323,602.0
5/6/2017,Saturday,2.737,1.981,1.572,409.0
5/7/2017,Sunday,3.386,2.534,2.025,509.0
5/8/2017,Monday,4.816,3.585,2.9,685.0
5/9/2017,Tuesday,4.734,3.458,2.763,695.0
5/10/2017,Wednesday,4.761,3.475,2.754,721.0
5/11/2017,Thursday,4.277,3.224,2.57,654.0
5/12/2017,Friday,3.563,2.62,2.056,564.0
5/13/2017,Saturday,2.401,1.749,1.379,370.0
5/14/2017,Sunday,2.877,2.126,1.674,452.0
5/15/2017,Monday,4.448,3.191,2.494,697.0
5/16/2017,Tuesday,4.525,3.226,2.593,633.0
5/17/2017,Wednesday,4.533,3.318,2.676,642.0
5/18/2017,Thursday,4.431,3.307,2.686,621.0
5/19/2017,Friday,3.456,2.47,1.938,532.0
5/20/2017,Saturday,2.162,1.651,1.332,319.0
5/21/2017,Sunday,2.786,1.971,1.597,374.0
5/22/2017,Monday,4.172,3.041,2.403,638.0
5/23/2017,Tuesday,4.255,3.077,2.457,620.0
5/24/2017,Wednesday,4.154,2.996,2.4,596.0
5/25/2017,Thursday,3.803,2.839,2.263,576.0
5/26/2017,Friday,2.95,2.183,1.72,463.0
5/27/2017,Saturday,1.909,1.444,1.155,289.0
5/28/2017,Sunday,2.506,1.781,1.399,382.0
5/29/2017,Monday,3.325,2.457,1.913,544.0
5/30/2017,Tuesday,4.086,2.909,2.298,611.0
5/31/2017,Wednesday,3.716,2.667,2.069,598.0
6/1/2017,Thursday,3.702,2.639,2.103,536.0
6/2/2017,Friday,2.959,2.171,1.68,491.0
6/3/2017,Saturday,2.006,1.471,1.161,310.0
6/4/2017,Sunday,2.479,1.795,1.419,376.0
6/5/2017,Monday,3.501,2.61,2.072,538.0
6/6/2017,Tuesday,3.985,2.922,2.361,561.0
6/7/2017,Wednesday,3.92,2.913,2.314,599.0
6/8/2017,Thursday,3.868,2.796,2.209,587.0
6/9/2017,Friday,2.921,2.101,1.66,441.0
6/10/2017,Saturday,1.655,1.244,975.0,269.0
6/11/2017,Sunday,2.229,1.622,1.299,323.0
6/12/2017,Monday,3.66,2.598,2.02,578.0
6/13/2017,Tuesday,3.898,2.809,2.202,607.0
6/14/2017,Wednesday,3.912,2.797,2.2,597.0
6/15/2017,Thursday,3.604,2.624,2.029,595.0
6/16/2017,Friday,2.97,2.105,1.621,484.0
6/17/2017,Saturday,1.546,1.187,957.0,230.0
6/18/2017,Sunday,1.944,1.465,1.146,319.0
6/19/2017,Monday,3.608,2.493,1.959,534.0
6/20/2017,Tuesday,3.514,2.472,1.905,567.0
6/21/2017,Wednesday,3.344,2.475,1.915,560.0
6/22/2017,Thursday,3.292,2.351,1.824,527.0
6/23/2017,Friday,2.469,1.85,1.445,405.0
6/24/2017,Saturday,1.296,925.0,702.0,223.0
6/25/2017,Sunday,1.546,1.071,811.0,260.0
6/26/2017,Monday,2.948,1.998,1.528,470.0
6/27/2017,Tuesday,3.077,2.19,1.69,500.0
6/28/2017,Wednesday,3.028,2.145,1.649,496.0
6/29/2017,Thursday,2.738,1.976,1.474,502.0
6/30/2017,Friday,2.147,1.478,1.087,391.0
7/1/2017,Saturday,1.277,903.0,675.0,228.0
7/2/2017,Sunday,1.606,1.142,879.0,263.0
7/3/2017,Monday,2.504,1.726,1.296,430.0
7/4/2017,Tuesday,2.218,1.566,1.217,349.0
7/5/2017,Wednesday,3.024,2.149,1.681,468.0
7/6/2017,Thursday,2.951,2.047,1.555,492.0
7/7/2017,Friday,2.401,1.693,1.31,383.0
7/8/2017,Saturday,1.242,891.0,700.0,191.0
7/9/2017,Sunday,1.511,1.172,938.0,234.0
7/10/2017,Monday,2.934,2.062,1.619,443.0
7/11/2017,Tuesday,3.003,2.14,1.663,477.0
7/12/2017,Wednesday,3.073,2.192,1.71,482.0
7/13/2017,Thursday,2.933,2.043,1.55,493.0
7/14/2017,Friday,2.468,1.71,1.287,423.0
7/15/2017,Saturday,1.355,892.0,689.0,203.0
7/16/2017,Sunday,1.553,1.122,891.0,231.0
7/17/2017,Monday,2.902,1.954,1.479,475.0
7/18/2017,Tuesday,2.899,2.109,1.591,518.0
7/19/2017,Wednesday,2.986,2.032,1.584,448.0
7/20/2017,Thursday,2.964,2.031,1.571,460.0
7/21/2017,Friday,2.433,1.609,1.214,395.0
7/22/2017,Saturday,1.28,923.0,725.0,198.0
7/23/2017,Sunday,1.603,1.17,909.0,261.0
7/24/2017,Monday,3.154,2.214,1.726,488.0
7/25/2017,Tuesday,3.084,2.148,1.666,482.0
7/26/2017,Wednesday,2.983,1.925,1.49,435.0
7/27/2017,Thursday,2.849,1.908,1.44,468.0
7/28/2017,Friday,2.42,1.538,1.15,388.0
7/29/2017,Saturday,1.3,895.0,712.0,183.0
7/30/2017,Sunday,1.526,1.112,863.0,249.0
7/31/2017,Monday,2.872,1.978,1.481,497.0
8/1/2017,Tuesday,2.914,1.957,1.463,494.0
8/2/2017,Wednesday,2.843,1.994,1.536,458.0
8/3/2017,Thursday,2.649,1.894,1.447,447.0
8/4/2017,Friday,2.042,1.478,1.15,328.0
8/5/2017,Saturday,1.225,901.0,681.0,220.0
8/6/2017,Sunday,1.562,1.045,792.0,253.0
8/7/2017,Monday,2.751,1.823,1.398,425.0
8/8/2017,Tuesday,2.634,1.868,1.415,453.0
8/9/2017,Wednesday,2.704,1.961,1.511,450.0
8/10/2017,Thursday,2.67,1.864,1.463,401.0
8/11/2017,Friday,2.073,1.498,1.121,377.0
8/12/2017,Saturday,1.24,888.0,669.0,219.0
8/13/2017,Sunday,1.53,1.076,811.0,265.0
8/14/2017,Monday,2.392,1.704,1.346,358.0
8/15/2017,Tuesday,2.675,1.846,1.471,375.0
8/16/2017,Wednesday,2.755,1.911,1.436,475.0
8/17/2017,Thursday,2.608,1.824,1.421,403.0
8/18/2017,Friday,2.163,1.521,1.163,358.0
8/19/2017,Saturday,1.304,951.0,743.0,208.0
8/20/2017,Sunday,1.969,1.419,1.156,263.0
8/21/2017,Monday,2.985,2.069,1.575,494.0
8/22/2017,Tuesday,3.087,2.259,1.772,487.0
8/23/2017,Wednesday,3.047,2.147,1.704,443.0
8/24/2017,Thursday,2.961,2.026,1.6,426.0
8/25/2017,Friday,2.293,1.589,1.257,332.0
8/26/2017,Saturday,1.261,934.0,751.0,183.0
8/27/2017,Sunday,1.676,1.211,983.0,228.0
8/28/2017,Monday,1.786,1.287,1.005,282.0
8/29/2017,Tuesday,3.252,2.31,1.845,465.0
8/30/2017,Wednesday,3.082,2.179,1.741,438.0
8/31/2017,Thursday,2.721,1.963,1.579,384.0
9/1/2017,Friday,2.217,1.583,1.235,348.0
9/2/2017,Saturday,1.271,908.0,730.0,178.0
9/3/2017,Sunday,1.742,1.197,958.0,239.0
9/4/2017,Monday,2.293,1.704,1.38,324.0
9/5/2017,Tuesday,3.155,2.289,1.818,471.0
9/6/2017,Wednesday,3.159,2.32,1.882,438.0
9/7/2017,Thursday,3.054,2.243,1.777,466.0
9/8/2017,Friday,2.44,1.848,1.488,360.0
9/9/2017,Saturday,1.532,1.108,924.0,184.0
9/10/2017,Sunday,2.247,1.657,1.366,291.0
9/11/2017,Monday,3.57,2.496,2.033,463.0
9/12/2017,Tuesday,3.524,2.54,2.075,465.0
9/13/2017,Wednesday,3.471,2.473,2.04,433.0
9/14/2017,Thursday,3.303,2.415,1.974,441.0
9/15/2017,Friday,2.56,1.867,1.519,348.0
9/16/2017,Saturday,1.47,1.09,912.0,178.0
9/17/2017,Sunday,2.234,1.715,1.446,269.0
9/18/2017,Monday,3.504,2.596,2.123,473.0
9/19/2017,Tuesday,3.984,2.84,2.382,458.0
9/20/2017,Wednesday,3.746,2.66,2.188,472.0
9/21/2017,Thursday,3.524,2.667,2.143,524.0
9/22/2017,Friday,2.639,1.944,1.591,353.0
9/23/2017,Saturday,1.523,1.178,975.0,203.0
9/24/2017,Sunday,2.425,1.809,1.521,288.0
9/25/2017,Monday,3.671,2.705,2.202,503.0
9/26/2017,Tuesday,3.669,2.78,2.306,474.0
9/27/2017,Wednesday,3.537,2.657,2.211,446.0
9/28/2017,Thursday,3.413,2.507,2.048,459.0
9/29/2017,Friday,2.699,1.902,1.554,348.0
9/30/2017,Saturday,1.829,1.289,1.058,231.0
10/1/2017,Sunday,2.379,1.812,1.507,305.0
10/2/2017,Monday,3.637,2.669,2.221,448.0
10/3/2017,Tuesday,3.775,2.787,2.253,534.0
10/4/2017,Wednesday,3.572,2.731,2.245,486.0
10/5/2017,Thursday,3.605,2.695,2.23,465.0
10/6/2017,Friday,2.774,2.078,1.67,408.0
10/7/2017,Saturday,1.78,1.354,1.106,248.0
10/8/2017,Sunday,2.469,1.884,1.571,313.0
10/9/2017,Monday,3.881,2.869,2.348,521.0
10/10/2017,Tuesday,3.767,2.785,2.296,489.0
10/11/2017,Wednesday,4.082,2.924,2.335,589.0
10/12/2017,Thursday,4.047,2.768,2.24,528.0
10/13/2017,Friday,2.877,2.114,1.706,408.0
10/14/2017,Saturday,2.073,1.559,1.298,261.0
10/15/2017,Sunday,2.759,2.066,1.739,327.0
10/16/2017,Monday,3.817,2.88,2.344,536.0
10/17/2017,Tuesday,3.949,2.93,2.402,528.0
10/18/2017,Wednesday,3.867,2.896,2.395,501.0
10/19/2017,Thursday,3.621,2.582,2.119,463.0
10/20/2017,Friday,2.978,2.22,1.772,448.0
10/21/2017,Saturday,1.992,1.434,1.158,276.0
10/22/2017,Sunday,2.851,2.142,1.779,363.0
10/23/2017,Monday,4.39,3.177,2.651,526.0
10/24/2017,Tuesday,3.886,2.938,2.406,532.0
10/25/2017,Wednesday,3.424,2.477,2.017,460.0
10/26/2017,Thursday,4.207,3.087,2.561,526.0
10/27/2017,Friday,3.345,2.478,1.984,494.0
10/28/2017,Saturday,2.128,1.567,1.277,290.0
10/29/2017,Sunday,2.205,1.637,1.319,318.0
10/30/2017,Monday,4.091,2.999,2.453,546.0
10/31/2017,Tuesday,4.223,3.143,2.555,588.0
11/1/2017,Wednesday,4.361,3.147,2.554,593.0
11/2/2017,Thursday,4.263,3.103,2.513,590.0
11/3/2017,Friday,3.341,2.397,1.903,494.0
11/4/2017,Saturday,2.278,1.634,1.307,327.0
11/5/2017,Sunday,3.097,2.299,1.888,411.0
11/6/2017,Monday,4.185,3.113,2.538,575.0
11/7/2017,Tuesday,4.477,3.341,2.689,652.0
11/8/2017,Wednesday,4.354,3.227,2.579,648.0
11/9/2017,Thursday,4.194,3.005,2.401,604.0
11/10/2017,Friday,3.24,2.319,1.833,486.0
11/11/2017,Saturday,2.424,1.613,1.283,330.0
11/12/2017,Sunday,3.168,2.309,1.853,456.0
11/13/2017,Monday,4.709,3.433,2.784,649.0
11/14/2017,Tuesday,4.634,3.373,2.727,646.0
11/15/2017,Wednesday,4.545,3.345,2.681,664.0
11/16/2017,Thursday,4.532,3.332,2.693,639.0
11/17/2017,Friday,3.317,2.508,2.018,490.0
11/18/2017,Saturday,2.449,1.741,1.386,355.0
11/19/2017,Sunday,2.893,2.231,1.78,451.0
11/20/2017,Monday,4.17,3.135,2.555,580.0
11/21/2017,Tuesday,4.277,3.026,2.419,607.0
11/22/2017,Wednesday,3.588,2.625,2.078,547.0
11/23/2017,Thursday,3.141,2.237,1.76,477.0
11/24/2017,Friday,2.658,1.843,1.429,414.0
11/25/2017,Saturday,2.391,1.652,1.327,325.0
11/26/2017,Sunday,3.202,2.354,1.901,453.0
11/27/2017,Monday,4.349,3.251,2.601,650.0
11/28/2017,Tuesday,4.886,3.66,2.968,692.0
11/29/2017,Wednesday,4.555,3.484,2.824,660.0
11/30/2017,Thursday,4.477,3.134,2.53,604.0
12/1/2017,Friday,3.577,2.603,2.056,547.0
12/2/2017,Saturday,2.43,1.827,1.461,366.0
12/3/2017,Sunday,3.449,2.504,2.006,498.0
12/4/2017,Monday,4.955,3.673,3.019,654.0
12/5/2017,Tuesday,4.475,3.435,2.775,660.0
12/6/2017,Wednesday,4.595,3.452,2.766,686.0
12/7/2017,Thursday,4.451,3.199,2.563,636.0
12/8/2017,Friday,3.418,2.549,2.037,512.0
12/9/2017,Saturday,2.605,1.944,1.572,372.0
12/10/2017,Sunday,3.483,2.607,2.102,505.0
12/11/2017,Monday,4.651,3.35,2.656,694.0
12/12/2017,Tuesday,4.029,3.011,2.351,660.0
12/13/2017,Wednesday,4.282,3.205,2.609,596.0
12/14/2017,Thursday,4.138,2.93,2.315,615.0
12/15/2017,Friday,4.13,2.803,2.211,592.0
12/16/2017,Saturday,2.581,1.761,1.429,332.0
12/17/2017,Sunday,3.355,2.3,1.876,424.0
12/18/2017,Monday,4.482,3.109,2.491,618.0
12/19/2017,Tuesday,4.584,3.021,2.456,565.0
12/20/2017,Wednesday,4.106,2.661,2.133,528.0
12/21/2017,Thursday,3.378,2.243,1.798,445.0
12/22/2017,Friday,2.446,1.544,1.211,333.0
12/23/2017,Saturday,1.447,958.0,753.0,205.0
12/24/2017,Sunday,1.326,895.0,696.0,199.0
12/25/2017,Monday,1.609,1.015,809.0,206.0
12/26/2017,Tuesday,2.481,1.438,1.105,333.0
12/27/2017,Wednesday,2.798,1.74,1.35,390.0
12/28/2017,Thursday,2.809,1.797,1.425,372.0
12/29/2017,Friday,2.216,1.41,1.083,327.0
12/30/2017,Saturday,1.546,1.071,839.0,232.0
12/31/2017,Sunday,1.339,923.0,724.0,199.0
1/1/2018,Monday,1.709,1.12,878.0,242.0
1/2/2018,Tuesday,3.389,2.208,1.755,453.0
1/3/2018,Wednesday,3.391,2.282,1.827,455.0
1/4/2018,Thursday,3.698,2.31,1.878,432.0
1/5/2018,Friday,3.511,2.272,1.801,471.0
1/6/2018,Saturday,2.279,1.498,1.196,302.0
1/7/2018,Sunday,2.822,1.869,1.495,374.0
1/8/2018,Monday,4.24,2.784,2.186,598.0
1/9/2018,Tuesday,4.319,2.844,2.302,542.0
1/10/2018,Wednesday,4.224,2.866,2.304,562.0
1/11/2018,Thursday,3.797,2.704,2.203,501.0
1/12/2018,Friday,3.19,2.127,1.692,435.0
1/13/2018,Saturday,1.998,1.373,1.128,245.0
1/14/2018,Sunday,2.515,1.711,1.393,318.0
1/15/2018,Monday,3.95,2.612,2.065,547.0
1/16/2018,Tuesday,4.033,2.631,2.133,498.0
1/17/2018,Wednesday,4.269,2.812,2.285,527.0
1/18/2018,Thursday,4.124,2.677,2.157,520.0
1/19/2018,Friday,3.228,2.198,1.763,435.0
1/20/2018,Saturday,2.287,1.423,1.16,263.0
1/21/2018,Sunday,2.946,1.996,1.628,368.0
1/22/2018,Monday,4.608,3.035,2.534,501.0
1/23/2018,Tuesday,4.786,3.154,2.566,588.0
1/24/2018,Wednesday,4.724,3.244,2.68,564.0
1/25/2018,Thursday,4.417,2.875,2.348,527.0
1/26/2018,Friday,3.58,2.314,1.825,489.0
1/27/2018,Saturday,2.345,1.544,1.229,315.0
1/28/2018,Sunday,3.17,2.14,1.776,364.0
1/29/2018,Monday,4.862,3.194,2.573,621.0
1/30/2018,Tuesday,4.6,3.106,2.504,602.0
1/31/2018,Wednesday,4.705,3.249,2.704,545.0
2/1/2018,Thursday,4.723,3.164,2.571,593.0
2/2/2018,Friday,3.969,2.572,2.104,468.0
2/3/2018,Saturday,2.994,2.034,1.702,332.0
2/4/2018,Sunday,3.162,2.186,1.811,375.0
2/5/2018,Monday,4.949,3.287,2.735,552.0
2/6/2018,Tuesday,5.092,3.465,2.838,627.0
2/7/2018,Wednesday,4.767,3.319,2.729,590.0
2/8/2018,Thursday,4.625,3.179,2.603,576.0
2/9/2018,Friday,3.738,2.477,2.015,462.0
2/10/2018,Saturday,2.739,1.793,1.477,316.0
2/11/2018,Sunday,3.923,2.476,2.077,399.0
2/12/2018,Monday,5.341,3.687,3.045,642.0
2/13/2018,Tuesday,5.114,3.46,2.836,624.0
2/14/2018,Wednesday,4.896,3.214,2.568,646.0
2/15/2018,Thursday,4.502,3.05,2.507,543.0
2/16/2018,Friday,3.729,2.518,2.012,506.0
2/17/2018,Saturday,2.388,1.618,1.319,299.0
2/18/2018,Sunday,3.405,2.314,1.928,386.0
2/19/2018,Monday,5.176,3.62,2.971,649.0
2/20/2018,Tuesday,5.429,3.597,2.978,619.0
2/21/2018,Wednesday,5.12,3.448,2.869,579.0
2/22/2018,Thursday,4.993,3.379,2.774,605.0
2/23/2018,Friday,4.148,2.751,2.221,530.0
2/24/2018,Saturday,2.763,1.981,1.648,333.0
2/25/2018,Sunday,3.599,2.446,2.011,435.0
2/26/2018,Monday,5.542,3.728,3.052,676.0
2/27/2018,Tuesday,5.378,3.764,3.123,641.0
2/28/2018,Wednesday,5.536,3.734,3.095,639.0
3/1/2018,Thursday,4.984,3.315,2.713,602.0
3/2/2018,Friday,4.13,2.754,2.231,523.0
3/3/2018,Saturday,2.818,1.922,1.579,343.0
3/4/2018,Sunday,3.978,2.699,2.249,450.0
3/5/2018,Monday,5.502,3.727,3.019,708.0
3/6/2018,Tuesday,5.74,3.842,3.16,682.0
3/7/2018,Wednesday,5.635,3.734,3.037,697.0
3/8/2018,Thursday,5.375,3.704,3.044,660.0
3/9/2018,Friday,4.273,3.038,2.49,548.0
3/10/2018,Saturday,3.223,2.305,1.918,387.0
3/11/2018,Sunday,3.956,2.727,2.288,439.0
3/12/2018,Monday,5.895,4.141,3.447,694.0
3/13/2018,Tuesday,6.152,4.207,3.398,809.0
3/14/2018,Wednesday,5.906,4.021,3.305,716.0
3/15/2018,Thursday,6.3,4.061,3.279,782.0
3/16/2018,Friday,4.915,3.259,2.673,586.0
3/17/2018,Saturday,3.218,2.161,1.818,343.0
3/18/2018,Sunday,4.429,2.919,2.435,484.0
3/19/2018,Monday,5.739,4.038,3.316,722.0
3/20/2018,Tuesday,6.22,4.292,3.553,739.0
3/21/2018,Wednesday,6.238,4.163,3.396,767.0
3/22/2018,Thursday,6.226,4.251,3.595,656.0
3/23/2018,Friday,4.364,2.994,2.457,537.0
3/24/2018,Saturday,2.882,2.021,1.682,339.0
3/25/2018,Sunday,4.01,2.748,2.263,485.0
3/26/2018,Monday,6.084,3.995,3.289,706.0
3/27/2018,Tuesday,5.874,4.147,3.446,701.0
3/28/2018,Wednesday,5.719,3.917,3.288,629.0
3/29/2018,Thursday,5.003,3.396,2.812,584.0
3/30/2018,Friday,3.605,2.541,2.062,479.0
3/31/2018,Saturday,2.811,1.901,1.512,389.0
4/1/2018,Sunday,3.567,2.438,1.956,482.0
4/2/2018,Monday,5.237,3.542,2.875,667.0
4/3/2018,Tuesday,6.154,4.126,3.438,688.0
4/4/2018,Wednesday,5.895,4.112,3.418,694.0
4/5/2018,Thursday,5.858,3.943,3.232,711.0
4/6/2018,Friday,5.034,3.348,2.749,599.0
4/7/2018,Saturday,3.613,2.291,1.84,451.0
4/8/2018,Sunday,4.389,3.059,2.53,529.0
4/9/2018,Monday,6.278,4.29,3.546,744.0
4/10/2018,Tuesday,6.836,4.514,3.747,767.0
4/11/2018,Wednesday,6.731,4.596,3.759,837.0
4/12/2018,Thursday,6.287,4.332,3.563,769.0
4/13/2018,Friday,5.089,3.454,2.85,604.0
4/14/2018,Saturday,3.812,2.542,2.094,448.0
4/15/2018,Sunday,5.29,3.538,2.914,624.0
4/16/2018,Monday,7.161,4.993,4.188,805.0
4/17/2018,Tuesday,7.352,4.939,4.058,881.0
4/18/2018,Wednesday,7.218,4.842,4.001,841.0
4/19/2018,Thursday,7.04,4.672,3.895,777.0
4/20/2018,Friday,5.367,3.728,3.029,699.0
4/21/2018,Saturday,4.021,2.749,2.253,496.0
4/22/2018,Sunday,5.397,3.722,3.059,663.0
4/23/2018,Monday,7.605,5.124,4.216,908.0
4/24/2018,Tuesday,7.614,5.094,4.181,913.0
4/25/2018,Wednesday,7.984,5.541,4.616,925.0
4/26/2018,Thursday,7.04,4.823,3.957,866.0
4/27/2018,Friday,5.628,3.749,3.095,654.0
4/28/2018,Saturday,3.926,2.618,2.141,477.0
4/29/2018,Sunday,5.479,3.635,3.057,578.0
4/30/2018,Monday,6.67,4.584,3.784,800.0
5/1/2018,Tuesday,6.783,4.542,3.742,800.0
5/2/2018,Wednesday,7.105,4.865,4.013,852.0
5/3/2018,Thursday,6.877,4.702,3.854,848.0
5/4/2018,Friday,5.46,3.711,3.039,672.0
5/5/2018,Saturday,3.648,2.568,2.058,510.0
5/6/2018,Sunday,4.917,3.311,2.737,574.0
5/7/2018,Monday,6.98,4.654,3.881,773.0
5/8/2018,Tuesday,6.702,4.577,3.7,877.0
5/9/2018,Wednesday,6.699,4.488,3.581,907.0
5/10/2018,Thursday,6.001,4.059,3.265,794.0
5/11/2018,Friday,5.094,3.454,2.766,688.0
5/12/2018,Saturday,3.179,2.237,1.821,416.0
5/13/2018,Sunday,4.169,2.912,2.413,499.0
5/14/2018,Monday,6.392,4.388,3.637,751.0
5/15/2018,Tuesday,5.878,4.094,3.384,710.0
5/16/2018,Wednesday,5.8,3.976,3.266,710.0
5/17/2018,Thursday,5.69,4.023,3.254,769.0
5/18/2018,Friday,4.314,2.986,2.4,586.0
5/19/2018,Saturday,2.948,2.117,1.735,382.0
5/20/2018,Sunday,3.864,2.674,2.155,519.0
5/21/2018,Monday,5.499,3.708,3.005,703.0
5/22/2018,Tuesday,5.79,4.04,3.269,771.0
5/23/2018,Wednesday,5.72,3.971,3.206,765.0
5/24/2018,Thursday,5.692,3.675,2.965,710.0
5/25/2018,Friday,4.082,2.803,2.188,615.0
5/26/2018,Saturday,2.716,1.965,1.597,368.0
5/27/2018,Sunday,3.43,2.374,1.887,487.0
5/28/2018,Monday,4.353,2.994,2.392,602.0
5/29/2018,Tuesday,5.525,3.777,3.112,665.0
5/30/2018,Wednesday,5.407,3.574,2.908,666.0
5/31/2018,Thursday,4.994,3.485,2.792,693.0
6/1/2018,Friday,3.835,2.681,2.172,509.0
6/2/2018,Saturday,2.511,1.75,1.423,327.0
6/3/2018,Sunday,3.371,2.308,1.891,417.0
6/4/2018,Monday,5.226,3.399,2.741,658.0
6/5/2018,Tuesday,5.139,3.453,2.811,642.0
6/6/2018,Wednesday,5.051,3.474,2.828,646.0
6/7/2018,Thursday,4.787,3.283,2.685,598.0
6/8/2018,Friday,3.956,2.67,2.107,563.0
6/9/2018,Saturday,2.303,1.589,1.278,311.0
6/10/2018,Sunday,3.011,2.091,1.717,374.0
6/11/2018,Monday,4.896,3.326,2.714,612.0
6/12/2018,Tuesday,4.952,3.309,2.624,685.0
6/13/2018,Wednesday,4.57,3.099,2.439,660.0
6/14/2018,Thursday,4.542,2.962,2.377,585.0
6/15/2018,Friday,3.383,2.32,1.847,473.0
6/16/2018,Saturday,1.922,1.316,1.061,255.0
6/17/2018,Sunday,2.404,1.677,1.361,316.0
6/18/2018,Monday,4.576,2.964,2.313,651.0
6/19/2018,Tuesday,4.727,3.144,2.519,625.0
6/20/2018,Wednesday,4.639,2.989,2.37,619.0
6/21/2018,Thursday,4.108,2.762,2.154,608.0
6/22/2018,Friday,3.372,2.207,1.744,463.0
6/23/2018,Saturday,1.996,1.277,989.0,288.0
6/24/2018,Sunday,2.415,1.619,1.266,353.0
6/25/2018,Monday,4.457,2.881,2.272,609.0
6/26/2018,Tuesday,4.736,3.039,2.41,629.0
6/27/2018,Wednesday,4.245,2.818,2.244,574.0
6/28/2018,Thursday,4.081,2.785,2.16,625.0
6/29/2018,Friday,3.053,2.008,1.568,440.0
6/30/2018,Saturday,1.741,1.147,927.0,220.0
7/1/2018,Sunday,2.186,1.447,1.14,307.0
7/2/2018,Monday,4.026,2.533,1.952,581.0
7/3/2018,Tuesday,3.961,2.515,1.966,549.0
7/4/2018,Wednesday,3.019,2.032,1.595,437.0
7/5/2018,Thursday,3.743,2.496,1.997,499.0
7/6/2018,Friday,3.05,1.995,1.575,420.0
7/7/2018,Saturday,1.688,1.08,857.0,223.0
7/8/2018,Sunday,2.185,1.44,1.145,295.0
7/9/2018,Monday,4.104,2.576,2.016,560.0
7/10/2018,Tuesday,4.097,2.694,2.059,635.0
7/11/2018,Wednesday,3.844,2.506,1.895,611.0
7/12/2018,Thursday,3.743,2.53,2.001,529.0
7/13/2018,Friday,3.073,2.068,1.581,487.0
7/14/2018,Saturday,1.852,1.249,992.0,257.0
7/15/2018,Sunday,2.105,1.474,1.173,301.0
7/16/2018,Monday,4.078,2.657,2.095,562.0
7/17/2018,Tuesday,4.515,2.856,2.255,601.0
7/18/2018,Wednesday,4.276,2.779,2.173,606.0
7/19/2018,Thursday,4.043,2.705,2.114,591.0
7/20/2018,Friday,3.004,2.028,1.576,452.0
7/21/2018,Saturday,1.664,1.177,942.0,235.0
7/22/2018,Sunday,2.248,1.561,1.246,315.0
7/23/2018,Monday,4.062,2.658,2.081,577.0
7/24/2018,Tuesday,4.053,2.68,2.091,589.0
7/25/2018,Wednesday,3.628,2.431,1.879,552.0
7/26/2018,Thursday,3.596,2.415,1.925,490.0
7/27/2018,Friday,3.14,2.002,1.539,463.0
7/28/2018,Saturday,1.938,1.304,1.054,250.0
7/29/2018,Sunday,2.46,1.699,1.364,335.0
7/30/2018,Monday,4.175,2.771,2.166,605.0
7/31/2018,Tuesday,4.113,2.881,2.31,571.0
8/1/2018,Wednesday,4.273,2.901,2.31,591.0
8/2/2018,Thursday,4.194,2.754,2.202,552.0
8/3/2018,Friday,3.405,2.345,1.833,512.0
8/4/2018,Saturday,1.8,1.251,1.025,226.0
8/5/2018,Sunday,2.378,1.694,1.388,306.0
8/6/2018,Monday,4.319,2.856,2.233,623.0
8/7/2018,Tuesday,4.388,2.971,2.375,596.0
8/8/2018,Wednesday,4.205,2.724,2.118,606.0
8/9/2018,Thursday,3.973,2.555,1.998,557.0
8/10/2018,Friday,3.51,2.224,1.777,447.0
8/11/2018,Saturday,1.913,1.281,1.012,269.0
8/12/2018,Sunday,2.397,1.644,1.284,360.0
8/13/2018,Monday,4.348,2.789,2.224,565.0
8/14/2018,Tuesday,3.966,2.688,2.127,561.0
8/15/2018,Wednesday,3.805,2.544,2.035,509.0
8/16/2018,Thursday,3.866,2.604,2.074,530.0
8/17/2018,Friday,3.489,2.219,1.737,482.0
8/18/2018,Saturday,2.074,1.394,1.108,286.0
8/19/2018,Sunday,2.519,1.687,1.318,369.0
8/20/2018,Monday,4.202,2.734,2.128,606.0
8/21/2018,Tuesday,4.023,2.711,2.147,564.0
8/22/2018,Wednesday,4.048,2.685,2.121,564.0
8/23/2018,Thursday,4.15,2.86,2.249,611.0
8/24/2018,Friday,3.154,2.199,1.742,457.0
8/25/2018,Saturday,2.143,1.317,1.012,305.0
8/26/2018,Sunday,2.576,1.705,1.372,333.0
8/27/2018,Monday,4.317,2.954,2.367,587.0
8/28/2018,Tuesday,4.421,3.023,2.427,596.0
8/29/2018,Wednesday,4.563,3.019,2.395,624.0
8/30/2018,Thursday,4.055,2.798,2.265,533.0
8/31/2018,Friday,3.427,2.305,1.815,490.0
9/1/2018,Saturday,1.731,1.241,989.0,252.0
9/2/2018,Sunday,2.258,1.641,1.293,348.0
9/3/2018,Monday,3.655,2.499,2.032,467.0
9/4/2018,Tuesday,4.456,2.995,2.435,560.0
9/5/2018,Wednesday,4.566,3.042,2.456,586.0
9/6/2018,Thursday,4.314,3.049,2.508,541.0
9/7/2018,Friday,3.557,2.349,1.89,459.0
9/8/2018,Saturday,2.281,1.548,1.255,293.0
9/9/2018,Sunday,3.346,2.255,1.906,349.0
9/10/2018,Monday,4.711,3.2,2.6,600.0
9/11/2018,Tuesday,4.709,3.134,2.595,539.0
9/12/2018,Wednesday,4.379,3.032,2.464,568.0
9/13/2018,Thursday,4.357,2.87,2.325,545.0
9/14/2018,Friday,3.56,2.396,1.907,489.0
9/15/2018,Saturday,2.049,1.488,1.244,244.0
9/16/2018,Sunday,2.813,1.934,1.614,320.0
9/17/2018,Monday,5.064,3.241,2.621,620.0
9/18/2018,Tuesday,5.006,3.221,2.595,626.0
9/19/2018,Wednesday,4.949,3.282,2.708,574.0
9/20/2018,Thursday,4.695,3.165,2.573,592.0
9/21/2018,Friday,3.516,2.383,1.933,450.0
9/22/2018,Saturday,2.46,1.704,1.374,330.0
9/23/2018,Sunday,2.994,2.127,1.733,394.0
9/24/2018,Monday,4.688,3.273,2.679,594.0
9/25/2018,Tuesday,4.924,3.481,2.885,596.0
9/26/2018,Wednesday,5.209,3.546,2.936,610.0
9/27/2018,Thursday,5.966,4.029,3.385,644.0
9/28/2018,Friday,4.74,3.171,2.643,528.0
9/29/2018,Saturday,2.715,1.87,1.618,252.0
9/30/2018,Sunday,3.739,2.573,2.194,379.0
10/1/2018,Monday,5.841,3.982,3.331,651.0
10/2/2018,Tuesday,5.881,4.096,3.514,582.0
10/3/2018,Wednesday,5.54,3.863,3.249,614.0
10/4/2018,Thursday,5.636,3.894,3.306,588.0
10/5/2018,Friday,4.479,3.12,2.638,482.0
10/6/2018,Saturday,3.076,2.094,1.75,344.0
10/7/2018,Sunday,3.973,2.865,2.457,408.0
10/8/2018,Monday,6.045,4.31,3.659,651.0
10/9/2018,Tuesday,6.126,4.173,3.522,651.0
10/10/2018,Wednesday,6.084,4.319,3.616,703.0
10/11/2018,Thursday,6.154,4.254,3.632,622.0
10/12/2018,Friday,4.868,3.385,2.784,601.0
10/13/2018,Saturday,3.409,2.379,2.006,373.0
10/14/2018,Sunday,4.722,3.357,2.859,498.0
10/15/2018,Monday,6.555,4.55,3.766,784.0
10/16/2018,Tuesday,7.079,4.652,3.893,759.0
10/17/2018,Wednesday,6.691,4.673,3.893,780.0
10/18/2018,Thursday,6.522,4.398,3.666,732.0
10/19/2018,Friday,4.922,3.39,2.857,533.0
10/20/2018,Saturday,3.409,2.399,1.99,409.0
10/21/2018,Sunday,4.483,3.092,2.623,469.0
10/22/2018,Monday,6.666,4.499,3.769,730.0
10/23/2018,Tuesday,6.991,4.677,3.916,761.0
10/24/2018,Wednesday,6.871,4.619,3.808,811.0
10/25/2018,Thursday,6.357,4.331,3.579,752.0
10/26/2018,Friday,5.114,3.468,2.827,641.0
10/27/2018,Saturday,3.456,2.4,2.006,394.0
10/28/2018,Sunday,4.924,3.251,2.735,516.0
10/29/2018,Monday,6.837,4.704,3.89,814.0
10/30/2018,Tuesday,6.481,4.547,3.798,749.0
10/31/2018,Wednesday,6.296,4.316,3.545,771.0
11/1/2018,Thursday,6.044,3.988,3.299,689.0
11/2/2018,Friday,4.86,3.326,2.738,588.0
11/3/2018,Saturday,3.43,2.289,1.946,343.0
11/4/2018,Sunday,4.638,3.236,2.744,492.0
11/5/2018,Monday,6.365,4.329,3.609,720.0
11/6/2018,Tuesday,6.33,4.291,3.556,735.0
11/7/2018,Wednesday,5.865,3.937,3.267,670.0
11/8/2018,Thursday,5.692,3.938,3.298,640.0
11/9/2018,Friday,5.026,3.533,2.917,616.0
11/10/2018,Saturday,3.506,2.428,2.018,410.0
11/11/2018,Sunday,4.778,3.265,2.709,556.0
11/12/2018,Monday,6.684,4.592,3.795,797.0
11/13/2018,Tuesday,6.766,4.72,3.918,802.0
11/14/2018,Wednesday,6.916,4.674,3.872,802.0
11/15/2018,Thursday,6.44,4.379,3.634,745.0
11/16/2018,Friday,5.066,3.497,2.863,634.0
11/17/2018,Saturday,3.503,2.489,2.043,446.0
11/18/2018,Sunday,4.855,3.321,2.691,630.0
11/19/2018,Monday,6.818,4.601,3.795,806.0
11/20/2018,Tuesday,6.239,4.424,3.64,784.0
11/21/2018,Wednesday,5.471,3.904,3.194,710.0
11/22/2018,Thursday,4.453,3.186,2.592,594.0
11/23/2018,Friday,4.062,2.892,2.347,545.0
11/24/2018,Saturday,3.485,2.445,1.987,458.0
11/25/2018,Sunday,4.906,3.371,2.815,556.0
11/26/2018,Monday,7.099,4.871,4.012,859.0
11/27/2018,Tuesday,7.503,5.181,4.267,914.0
11/28/2018,Wednesday,7.554,5.227,4.33,897.0
11/29/2018,Thursday,7.169,4.944,4.106,838.0
11/30/2018,Friday,5.608,3.895,3.211,684.0
12/1/2018,Saturday,4.055,2.8,2.306,494.0
12/2/2018,Sunday,5.611,3.906,3.259,647.0
12/3/2018,Monday,7.65,5.378,4.431,947.0
12/4/2018,Tuesday,7.372,5.225,4.328,897.0
12/5/2018,Wednesday,7.369,5.166,4.316,850.0
12/6/2018,Thursday,7.25,5.093,4.213,880.0
12/7/2018,Friday,5.735,4.032,3.296,736.0
12/8/2018,Saturday,4.614,3.24,2.699,541.0
12/9/2018,Sunday,5.979,4.062,3.352,710.0
12/10/2018,Monday,7.84,5.421,4.465,956.0
12/11/2018,Tuesday,7.659,5.267,4.33,937.0
12/12/2018,Wednesday,7.319,4.983,4.01,973.0
12/13/2018,Thursday,6.373,4.452,3.62,832.0
12/14/2018,Friday,4.897,3.404,2.776,628.0
12/15/2018,Saturday,3.325,2.209,1.833,376.0
12/16/2018,Sunday,3.874,2.671,2.206,465.0
12/17/2018,Monday,5.436,3.791,3.062,729.0
12/18/2018,Tuesday,5.174,3.562,2.945,617.0
12/19/2018,Wednesday,4.873,3.255,2.632,623.0
12/20/2018,Thursday,3.913,2.716,2.164,552.0
12/21/2018,Friday,2.934,1.979,1.543,436.0
12/22/2018,Saturday,1.523,1.074,846.0,228.0
12/23/2018,Sunday,1.859,1.223,997.0,226.0
12/24/2018,Monday,1.835,1.31,1.019,291.0
12/25/2018,Tuesday,1.852,1.214,955.0,259.0
12/26/2018,Wednesday,2.357,1.594,1.243,351.0
12/27/2018,Thursday,2.583,1.783,1.418,365.0
12/28/2018,Friday,2.477,1.613,1.279,334.0
12/29/2018,Saturday,1.694,1.197,990.0,207.0
12/30/2018,Sunday,1.985,1.34,1.097,243.0
12/31/2018,Monday,1.723,1.159,874.0,285.0
1/1/2019,Tuesday,1.715,1.168,891.0,277.0
1/2/2019,Wednesday,3.431,2.361,1.899,462.0
1/3/2019,Thursday,4.118,2.793,2.259,534.0
1/4/2019,Friday,3.504,2.373,1.936,437.0
1/5/2019,Saturday,2.308,1.609,1.348,261.0
1/6/2019,Sunday,2.925,2.046,1.648,398.0
1/7/2019,Monday,4.587,3.1,2.55,550.0
1/8/2019,Tuesday,4.731,3.182,2.585,597.0
1/9/2019,Wednesday,4.831,3.245,2.66,585.0
1/10/2019,Thursday,4.162,2.836,2.298,538.0
1/11/2019,Friday,3.726,2.476,1.999,477.0
1/12/2019,Saturday,2.458,1.722,1.413,309.0
1/13/2019,Sunday,3.266,2.264,1.878,386.0
1/14/2019,Monday,5.016,3.348,2.76,588.0
1/15/2019,Tuesday,4.732,3.32,2.738,582.0
1/16/2019,Wednesday,4.938,3.447,2.845,602.0
1/17/2019,Thursday,5.033,3.516,2.967,549.0
1/18/2019,Friday,4.114,2.731,2.236,495.0
1/19/2019,Saturday,2.78,1.929,1.599,330.0
1/20/2019,Sunday,4.205,2.367,1.974,393.0
1/21/2019,Monday,4.983,3.391,2.783,608.0
1/22/2019,Tuesday,5.182,3.674,3.052,622.0
1/23/2019,Wednesday,5.316,3.856,3.199,657.0
1/24/2019,Thursday,5.021,3.462,2.853,609.0
1/25/2019,Friday,4.23,2.882,2.382,500.0
1/26/2019,Saturday,2.743,1.882,1.541,341.0
1/27/2019,Sunday,3.89,2.622,2.232,390.0
1/28/2019,Monday,5.575,3.925,3.232,693.0
1/29/2019,Tuesday,5.732,3.866,3.26,606.0
1/30/2019,Wednesday,5.402,3.759,3.134,625.0
1/31/2019,Thursday,5.069,3.597,2.984,613.0
2/1/2019,Friday,4.222,2.923,2.364,559.0
2/2/2019,Saturday,2.864,1.902,1.596,306.0
2/3/2019,Sunday,3.598,2.447,2.044,403.0
2/4/2019,Monday,5.366,3.767,3.146,621.0
2/5/2019,Tuesday,5.427,3.757,3.124,633.0
2/6/2019,Wednesday,5.667,3.759,3.13,629.0
2/7/2019,Thursday,5.517,3.763,3.069,694.0
2/8/2019,Friday,4.42,2.943,2.429,514.0
2/9/2019,Saturday,3.15,2.274,1.911,363.0
2/10/2019,Sunday,4.264,2.962,2.47,492.0
2/11/2019,Monday,6.569,4.276,3.566,710.0
2/12/2019,Tuesday,6.145,4.092,3.391,701.0
2/13/2019,Wednesday,5.743,3.932,3.236,696.0
2/14/2019,Thursday,5.512,3.762,3.075,687.0
2/15/2019,Friday,4.127,2.952,2.377,575.0
2/16/2019,Saturday,3.309,2.195,1.809,386.0
2/17/2019,Sunday,3.761,2.669,2.217,452.0
2/18/2019,Monday,5.592,3.912,3.226,686.0
2/19/2019,Tuesday,6.1,4.322,3.575,747.0
2/20/2019,Wednesday,6.208,4.265,3.543,722.0
2/21/2019,Thursday,5.73,4.071,3.352,719.0
2/22/2019,Friday,4.372,3.073,2.508,565.0
2/23/2019,Saturday,3.378,2.259,1.871,388.0
2/24/2019,Sunday,4.367,3.012,2.524,488.0
2/25/2019,Monday,6.318,4.424,3.678,746.0
2/26/2019,Tuesday,6.431,4.304,3.53,774.0
2/27/2019,Wednesday,5.919,4.205,3.442,763.0
2/28/2019,Thursday,5.668,3.966,3.266,700.0
3/1/2019,Friday,4.581,3.178,2.594,584.0
3/2/2019,Saturday,3.383,2.263,1.878,385.0
3/3/2019,Sunday,4.311,3.005,2.476,529.0
3/4/2019,Monday,6.357,4.214,3.443,771.0
3/5/2019,Tuesday,6.092,4.092,3.343,749.0
3/6/2019,Wednesday,5.772,4.07,3.34,730.0
3/7/2019,Thursday,5.861,4.064,3.33,734.0
3/8/2019,Friday,4.6,3.147,2.59,557.0
3/9/2019,Saturday,3.39,2.218,1.849,369.0
3/10/2019,Sunday,4.099,2.898,2.397,501.0
3/11/2019,Monday,6.24,4.32,3.599,721.0
3/12/2019,Tuesday,5.871,4.127,3.375,752.0
3/13/2019,Wednesday,6.381,4.506,3.726,780.0
3/14/2019,Thursday,5.853,4.043,3.328,715.0
3/15/2019,Friday,4.425,3.116,2.499,617.0
3/16/2019,Saturday,2.961,2.099,1.685,414.0
3/17/2019,Sunday,4.008,2.744,2.258,486.0
3/18/2019,Monday,5.83,4.04,3.319,721.0
3/19/2019,Tuesday,6.089,4.164,3.448,716.0
3/20/2019,Wednesday,5.8,3.946,3.192,754.0
3/21/2019,Thursday,5.431,3.761,3.1,661.0
3/22/2019,Friday,4.56,3.071,2.543,528.0
3/23/2019,Saturday,3.256,2.254,1.859,395.0
3/24/2019,Sunday,4.156,2.858,2.386,472.0
3/25/2019,Monday,6.06,4.232,3.469,763.0
3/26/2019,Tuesday,6.191,4.344,3.578,766.0
3/27/2019,Wednesday,6.678,4.612,3.842,770.0
3/28/2019,Thursday,6.167,4.086,3.361,725.0
3/29/2019,Friday,4.441,3.147,2.601,546.0
3/30/2019,Saturday,3.243,2.325,1.949,376.0
3/31/2019,Sunday,4.26,3.039,2.543,496.0
4/1/2019,Monday,6.078,4.238,3.55,688.0
4/2/2019,Tuesday,6.824,4.656,3.833,823.0
4/3/2019,Wednesday,6.621,4.727,3.942,785.0
4/4/2019,Thursday,6.231,4.343,3.647,696.0
4/5/2019,Friday,4.776,3.346,2.719,627.0
4/6/2019,Saturday,3.148,2.319,1.924,395.0
4/7/2019,Sunday,4.357,3.05,2.511,539.0
4/8/2019,Monday,6.794,4.738,3.96,778.0
4/9/2019,Tuesday,6.688,4.505,3.736,769.0
4/10/2019,Wednesday,6.57,4.448,3.646,802.0
4/11/2019,Thursday,6.113,4.264,3.504,760.0
4/12/2019,Friday,4.856,3.336,2.726,610.0
4/13/2019,Saturday,3.401,2.409,2.011,398.0
4/14/2019,Sunday,4.551,3.197,2.6,597.0
4/15/2019,Monday,6.614,4.773,3.967,806.0
4/16/2019,Tuesday,7.019,4.837,4.037,800.0
4/17/2019,Wednesday,6.643,4.47,3.681,789.0
4/18/2019,Thursday,5.398,3.825,3.133,692.0
4/19/2019,Friday,4.323,2.981,2.482,499.0
4/20/2019,Saturday,3.546,2.442,2.02,422.0
4/21/2019,Sunday,4.312,3.045,2.534,511.0
4/22/2019,Monday,6.363,4.52,3.729,791.0
4/23/2019,Tuesday,6.797,4.968,4.147,821.0
4/24/2019,Wednesday,7.144,5.002,4.136,866.0
4/25/2019,Thursday,6.555,4.621,3.804,817.0
4/26/2019,Friday,5.4,3.78,3.089,691.0
4/27/2019,Saturday,3.71,2.465,2.038,427.0
4/28/2019,Sunday,4.788,3.294,2.728,566.0
4/29/2019,Monday,6.232,4.34,3.578,762.0
4/30/2019,Tuesday,6.093,4.264,3.44,824.0
5/1/2019,Wednesday,6.117,4.275,3.556,719.0
5/2/2019,Thursday,6.274,4.153,3.433,720.0
5/3/2019,Friday,4.774,3.37,2.763,607.0
5/4/2019,Saturday,3.437,2.462,1.999,463.0
5/5/2019,Sunday,4.33,3.009,2.457,552.0
5/6/2019,Monday,5.902,4.164,3.402,762.0
5/7/2019,Tuesday,6.064,4.258,3.469,789.0
5/8/2019,Wednesday,5.709,4.049,3.31,739.0
5/9/2019,Thursday,5.596,3.944,3.275,669.0
5/10/2019,Friday,4.498,3.144,2.494,650.0
5/11/2019,Saturday,3.258,2.119,1.702,417.0
5/12/2019,Sunday,3.571,2.565,2.07,495.0
5/13/2019,Monday,5.677,3.908,3.136,772.0
5/14/2019,Tuesday,5.534,3.669,2.977,692.0
5/15/2019,Wednesday,5.391,3.667,2.989,678.0
5/16/2019,Thursday,5.043,3.577,2.953,624.0
5/17/2019,Friday,3.993,2.795,2.254,541.0
5/18/2019,Saturday,2.565,1.876,1.545,331.0
5/19/2019,Sunday,3.369,2.364,1.954,410.0
5/20/2019,Monday,4.993,3.442,2.806,636.0
5/21/2019,Tuesday,4.728,3.406,2.813,593.0
5/22/2019,Wednesday,4.963,3.431,2.772,659.0
5/23/2019,Thursday,4.637,3.243,2.698,545.0
5/24/2019,Friday,3.694,2.559,2.07,489.0
5/25/2019,Saturday,2.46,1.658,1.347,311.0
5/26/2019,Sunday,3.006,2.064,1.693,371.0
5/27/2019,Monday,3.992,2.78,2.271,509.0
5/28/2019,Tuesday,4.96,3.403,2.767,636.0
5/29/2019,Wednesday,4.376,3.115,2.562,553.0
5/30/2019,Thursday,4.143,2.896,2.353,543.0
5/31/2019,Friday,3.359,2.363,1.909,454.0
6/1/2019,Saturday,2.218,1.474,1.221,253.0
6/2/2019,Sunday,2.768,1.845,1.516,329.0
6/3/2019,Monday,3.967,2.831,2.295,536.0
6/4/2019,Tuesday,4.501,3.008,2.426,582.0
6/5/2019,Wednesday,3.973,2.727,2.233,494.0
6/6/2019,Thursday,4.259,2.871,2.312,559.0
6/7/2019,Friday,3.181,2.313,1.869,444.0
6/8/2019,Saturday,2.17,1.583,1.324,259.0
6/9/2019,Sunday,2.81,1.93,1.586,344.0
6/10/2019,Monday,4.42,3.03,2.463,567.0
6/11/2019,Tuesday,4.793,3.258,2.664,594.0
6/12/2019,Wednesday,4.41,3.064,2.479,585.0
6/13/2019,Thursday,4.076,2.844,2.28,564.0
6/14/2019,Friday,3.287,2.265,1.789,476.0
6/15/2019,Saturday,2.176,1.467,1.201,266.0
6/16/2019,Sunday,2.516,1.747,1.419,328.0
6/17/2019,Monday,4.142,2.925,2.398,527.0
6/18/2019,Tuesday,4.225,3.013,2.461,552.0
6/19/2019,Wednesday,4.162,2.882,2.351,531.0
6/20/2019,Thursday,3.716,2.615,2.137,478.0
6/21/2019,Friday,3.333,2.275,1.853,422.0
6/22/2019,Saturday,1.918,1.36,1.118,242.0
6/23/2019,Sunday,2.344,1.621,1.317,304.0
6/24/2019,Monday,3.691,2.591,2.149,442.0
6/25/2019,Tuesday,4.035,2.77,2.247,523.0
6/26/2019,Wednesday,3.939,2.675,2.186,489.0
6/27/2019,Thursday,3.738,2.671,2.197,474.0
6/28/2019,Friday,2.846,2.021,1.657,364.0
6/29/2019,Saturday,1.733,1.199,983.0,216.0
6/30/2019,Sunday,2.184,1.494,1.24,254.0
7/1/2019,Monday,3.512,2.485,2.001,484.0
7/2/2019,Tuesday,3.675,2.636,2.163,473.0
7/3/2019,Wednesday,3.831,2.579,2.144,435.0
7/4/2019,Thursday,2.801,1.971,1.648,323.0
7/5/2019,Friday,2.552,1.79,1.446,344.0
7/6/2019,Saturday,1.95,1.291,1.11,181.0
7/7/2019,Sunday,2.11,1.477,1.209,268.0
7/8/2019,Monday,4.303,2.903,2.383,520.0
7/9/2019,Tuesday,3.883,2.799,2.335,464.0
7/10/2019,Wednesday,4.244,2.907,2.347,560.0
7/11/2019,Thursday,3.765,2.669,2.15,519.0
7/12/2019,Friday,3.286,2.276,1.816,460.0
7/13/2019,Saturday,1.851,1.305,1.063,242.0
7/14/2019,Sunday,2.58,1.754,1.433,321.0
7/15/2019,Monday,4.14,2.911,2.382,529.0
7/16/2019,Tuesday,4.076,2.785,2.285,500.0
7/17/2019,Wednesday,4.141,2.9,2.36,540.0
7/18/2019,Thursday,3.898,2.774,2.249,525.0
7/19/2019,Friday,3.027,2.078,1.641,437.0
7/20/2019,Saturday,1.831,1.271,1.033,238.0
7/21/2019,Sunday,2.282,1.617,1.356,261.0
7/22/2019,Monday,4.138,2.89,2.376,514.0
7/23/2019,Tuesday,4.049,2.868,2.344,524.0
7/24/2019,Wednesday,4.272,2.963,2.359,604.0
7/25/2019,Thursday,4.089,2.755,2.21,545.0
7/26/2019,Friday,3.277,2.264,1.842,422.0
7/27/2019,Saturday,1.954,1.308,1.069,239.0
7/28/2019,Sunday,2.111,1.509,1.239,270.0
7/29/2019,Monday,3.625,2.539,2.053,486.0
7/30/2019,Tuesday,4.415,2.906,2.386,520.0
7/31/2019,Wednesday,3.854,2.743,2.26,483.0
8/1/2019,Thursday,4.114,2.771,2.262,509.0
8/2/2019,Friday,3.492,2.28,1.874,406.0
8/3/2019,Saturday,1.849,1.312,1.096,216.0
8/4/2019,Sunday,2.239,1.63,1.347,283.0
8/5/2019,Monday,3.976,2.664,2.191,473.0
8/6/2019,Tuesday,4.061,2.833,2.284,549.0
8/7/2019,Wednesday,3.702,2.675,2.215,460.0
8/8/2019,Thursday,3.622,2.553,2.112,441.0
8/9/2019,Friday,3.039,2.033,1.66,373.0
8/10/2019,Saturday,1.848,1.265,1.049,216.0
8/11/2019,Sunday,2.082,1.502,1.242,260.0
8/12/2019,Monday,3.807,2.574,2.121,453.0
8/13/2019,Tuesday,3.993,2.667,2.215,452.0
8/14/2019,Wednesday,3.567,2.517,2.087,430.0
8/15/2019,Thursday,3.484,2.45,2.046,404.0
8/16/2019,Friday,2.994,2.022,1.663,359.0
8/17/2019,Saturday,1.793,1.276,1.074,202.0
8/18/2019,Sunday,2.422,1.721,1.477,244.0
8/19/2019,Monday,4.07,2.847,2.371,476.0
8/20/2019,Tuesday,3.987,2.8,2.293,507.0
8/21/2019,Wednesday,3.355,2.407,1.963,444.0
8/22/2019,Thursday,2.925,1.959,1.627,332.0
8/23/2019,Friday,3.01,2.143,1.769,374.0
8/24/2019,Saturday,1.896,1.38,1.151,229.0
8/25/2019,Sunday,2.501,1.791,1.497,294.0
8/26/2019,Monday,3.851,2.714,2.257,457.0
8/27/2019,Tuesday,4.403,3.075,2.622,453.0
8/28/2019,Wednesday,4.627,3.125,2.623,502.0
8/29/2019,Thursday,4.221,2.982,2.477,505.0
8/30/2019,Friday,3.025,2.102,1.727,375.0
8/31/2019,Saturday,1.998,1.386,1.179,207.0
9/1/2019,Sunday,2.297,1.645,1.414,231.0
9/2/2019,Monday,3.192,2.272,1.91,362.0
9/3/2019,Tuesday,4.087,2.921,2.434,487.0
9/4/2019,Wednesday,4.787,3.348,2.842,506.0
9/5/2019,Thursday,4.483,3.078,2.57,508.0
9/6/2019,Friday,3.571,2.483,2.095,388.0
9/7/2019,Saturday,2.263,1.566,1.343,223.0
9/8/2019,Sunday,2.948,2.118,1.827,291.0
9/9/2019,Monday,4.521,3.287,2.785,502.0
9/10/2019,Tuesday,4.563,3.251,2.758,493.0
9/11/2019,Wednesday,4.598,3.365,2.901,464.0
9/12/2019,Thursday,4.603,3.356,2.868,488.0
9/13/2019,Friday,3.349,2.508,2.121,387.0
9/14/2019,Saturday,2.437,1.716,1.451,265.0
9/15/2019,Sunday,3.188,2.367,2.082,285.0
9/16/2019,Monday,5.291,3.839,3.28,559.0
9/17/2019,Tuesday,5.477,3.815,3.273,542.0
9/18/2019,Wednesday,5.257,3.726,3.222,504.0
9/19/2019,Thursday,5.0,3.5,3.028,472.0
9/20/2019,Friday,3.89,2.822,2.407,415.0
9/21/2019,Saturday,2.654,1.994,1.739,255.0
9/22/2019,Sunday,3.656,2.64,2.328,312.0
9/23/2019,Monday,5.223,3.804,3.291,513.0
9/24/2019,Tuesday,5.276,3.826,3.287,539.0
9/25/2019,Wednesday,5.476,3.838,3.306,532.0
9/26/2019,Thursday,5.196,3.718,3.208,510.0
9/27/2019,Friday,4.052,2.863,2.448,415.0
9/28/2019,Saturday,2.635,1.945,1.696,249.0
9/29/2019,Sunday,4.076,2.895,2.541,354.0
9/30/2019,Monday,5.167,3.754,3.216,538.0
10/1/2019,Tuesday,4.972,3.634,3.082,552.0
10/2/2019,Wednesday,5.143,3.683,3.209,474.0
10/3/2019,Thursday,4.753,3.454,2.941,513.0
10/4/2019,Friday,3.795,2.854,2.44,414.0
10/5/2019,Saturday,2.92,2.118,1.827,291.0
10/6/2019,Sunday,3.95,2.85,2.471,379.0
10/7/2019,Monday,5.493,3.929,3.432,497.0
10/8/2019,Tuesday,5.652,4.186,3.705,481.0
10/9/2019,Wednesday,5.617,3.936,3.388,548.0
10/10/2019,Thursday,5.234,3.802,3.261,541.0
10/11/2019,Friday,4.118,3.147,2.674,473.0
10/12/2019,Saturday,2.863,2.111,1.803,308.0
10/13/2019,Sunday,4.032,3.013,2.645,368.0
10/14/2019,Monday,5.476,4.022,3.466,556.0
10/15/2019,Tuesday,5.542,4.117,3.572,545.0
10/16/2019,Wednesday,5.34,3.966,3.403,563.0
10/17/2019,Thursday,5.388,3.905,3.333,572.0
10/18/2019,Friday,4.309,3.097,2.675,422.0
10/19/2019,Saturday,3.117,2.223,1.897,326.0
10/20/2019,Sunday,4.234,3.081,2.679,402.0
10/21/2019,Monday,5.698,4.144,3.507,637.0
10/22/2019,Tuesday,5.721,4.132,3.536,596.0
10/23/2019,Wednesday,6.018,4.446,3.823,623.0
10/24/2019,Thursday,5.563,3.995,3.397,598.0
10/25/2019,Friday,4.159,2.961,2.461,500.0
10/26/2019,Saturday,2.732,2.057,1.753,304.0
10/27/2019,Sunday,3.901,2.854,2.46,394.0
10/28/2019,Monday,5.749,4.12,3.529,591.0
10/29/2019,Tuesday,5.821,4.14,3.576,564.0
10/30/2019,Wednesday,5.647,4.059,3.452,607.0
10/31/2019,Thursday,5.219,3.689,3.18,509.0
11/1/2019,Friday,4.054,3.01,2.604,406.0
11/2/2019,Saturday,2.815,2.17,1.889,281.0
11/3/2019,Sunday,4.253,3.063,2.603,460.0
11/4/2019,Monday,5.816,4.184,3.64,544.0
11/5/2019,Tuesday,5.843,4.176,3.549,627.0
11/6/2019,Wednesday,6.058,4.351,3.672,679.0
11/7/2019,Thursday,6.291,4.489,3.81,679.0
11/8/2019,Friday,4.604,3.357,2.839,518.0
11/9/2019,Saturday,3.354,2.337,2.0,337.0
11/10/2019,Sunday,4.19,3.075,2.634,441.0
11/11/2019,Monday,5.931,4.194,3.573,621.0
11/12/2019,Tuesday,6.443,4.589,3.877,712.0
11/13/2019,Wednesday,5.805,4.275,3.572,703.0
11/14/2019,Thursday,5.753,4.172,3.569,603.0
11/15/2019,Friday,4.709,3.452,2.927,525.0
11/16/2019,Saturday,3.418,2.506,2.136,370.0
11/17/2019,Sunday,4.821,3.387,2.872,515.0
11/18/2019,Monday,6.444,4.699,3.985,714.0
11/19/2019,Tuesday,6.607,4.772,4.119,653.0
11/20/2019,Wednesday,6.726,4.781,4.115,666.0
11/21/2019,Thursday,6.334,4.462,3.84,622.0
11/22/2019,Friday,4.575,3.214,2.724,490.0
11/23/2019,Saturday,3.414,2.474,2.118,356.0
11/24/2019,Sunday,4.535,3.242,2.787,455.0
11/25/2019,Monday,5.97,4.467,3.836,631.0
11/26/2019,Tuesday,5.63,4.115,3.522,593.0
11/27/2019,Wednesday,5.384,3.823,3.225,598.0
11/28/2019,Thursday,4.201,3.223,2.747,476.0
11/29/2019,Friday,3.799,2.947,2.504,443.0
11/30/2019,Saturday,3.301,2.443,2.053,390.0
12/1/2019,Sunday,4.42,3.308,2.849,459.0
12/2/2019,Monday,6.384,4.674,4.031,643.0
12/3/2019,Tuesday,6.964,4.975,4.285,690.0
12/4/2019,Wednesday,6.957,4.959,4.252,707.0
12/5/2019,Thursday,6.35,4.671,3.989,682.0
12/6/2019,Friday,5.324,3.796,3.258,538.0
12/7/2019,Saturday,3.795,2.76,2.362,398.0
12/8/2019,Sunday,5.013,3.636,3.159,477.0
12/9/2019,Monday,7.005,5.25,4.569,681.0
12/10/2019,Tuesday,6.606,4.791,4.131,660.0
12/11/2019,Wednesday,6.686,4.902,4.24,662.0
12/12/2019,Thursday,6.163,4.533,3.871,662.0
12/13/2019,Friday,4.581,3.272,2.801,471.0
12/14/2019,Saturday,2.93,2.24,1.958,282.0
12/15/2019,Sunday,3.585,2.672,2.28,392.0
12/16/2019,Monday,4.925,3.653,3.128,525.0
12/17/2019,Tuesday,4.743,3.441,2.895,546.0
12/18/2019,Wednesday,4.716,3.39,2.918,472.0
12/19/2019,Thursday,3.793,2.821,2.381,440.0
12/20/2019,Friday,2.688,1.906,1.583,323.0
12/21/2019,Saturday,1.682,1.177,1.02,157.0
12/22/2019,Sunday,1.88,1.411,1.19,221.0
12/23/2019,Monday,2.451,1.738,1.442,296.0
12/24/2019,Tuesday,1.644,1.197,977.0,220.0
12/25/2019,Wednesday,1.483,1.027,851.0,176.0
12/26/2019,Thursday,1.864,1.355,1.102,253.0
12/27/2019,Friday,1.927,1.319,1.109,210.0
12/28/2019,Saturday,1.679,1.219,1.019,200.0
12/29/2019,Sunday,1.962,1.299,1.111,188.0
12/30/2019,Monday,2.469,1.762,1.479,283.0
12/31/2019,Tuesday,1.75,1.192,1.005,187.0
1/1/2020,Wednesday,1.554,1.105,870.0,235.0
1/2/2020,Thursday,2.82,2.083,1.754,329.0
1/3/2020,Friday,2.97,2.18,1.859,321.0
1/4/2020,Saturday,2.111,1.526,1.3,226.0
1/5/2020,Sunday,2.393,1.788,1.514,274.0
1/6/2020,Monday,3.704,2.77,2.341,429.0
1/7/2020,Tuesday,3.76,2.915,2.492,423.0
1/8/2020,Wednesday,3.698,2.844,2.402,442.0
1/9/2020,Thursday,4.243,3.374,2.91,464.0
1/10/2020,Friday,3.177,2.415,2.043,372.0
1/11/2020,Saturday,2.361,1.834,1.581,253.0
1/12/2020,Sunday,2.762,2.238,1.961,277.0
1/13/2020,Monday,4.298,3.242,2.727,515.0
1/14/2020,Tuesday,3.838,2.884,2.45,434.0
1/15/2020,Wednesday,3.754,2.864,2.47,394.0
1/16/2020,Thursday,3.817,2.951,2.51,441.0
1/17/2020,Friday,3.175,2.419,2.006,413.0
1/18/2020,Saturday,2.336,1.927,1.681,246.0
1/19/2020,Sunday,2.597,2.031,1.717,314.0
1/20/2020,Monday,3.715,2.948,2.505,443.0
1/21/2020,Tuesday,4.459,3.501,3.017,484.0
1/22/2020,Wednesday,4.483,3.552,3.079,473.0
1/23/2020,Thursday,4.225,3.295,2.805,490.0
1/24/2020,Friday,3.111,2.484,2.131,353.0
1/25/2020,Saturday,2.353,1.784,1.535,249.0
1/26/2020,Sunday,3.198,2.52,2.213,307.0
1/27/2020,Monday,4.432,3.539,3.058,481.0
1/28/2020,Tuesday,4.664,3.654,3.148,506.0
1/29/2020,Wednesday,4.471,3.544,3.025,519.0
1/30/2020,Thursday,4.486,3.499,3.031,468.0
1/31/2020,Friday,3.527,2.704,2.304,400.0
2/1/2020,Saturday,2.514,1.995,1.728,267.0
2/2/2020,Sunday,2.993,2.409,2.106,303.0
2/3/2020,Monday,4.728,3.694,3.174,520.0
2/4/2020,Tuesday,4.883,3.982,3.472,510.0
2/5/2020,Wednesday,5.071,4.061,3.528,533.0
2/6/2020,Thursday,4.638,3.715,3.217,498.0
2/7/2020,Friday,3.757,2.942,2.512,430.0
2/8/2020,Saturday,2.761,2.193,1.89,303.0
2/9/2020,Sunday,3.423,2.849,2.498,351.0
2/10/2020,Monday,5.066,4.016,3.464,552.0
2/11/2020,Tuesday,4.928,4.045,3.499,546.0
2/12/2020,Wednesday,4.996,4.019,3.497,522.0
2/13/2020,Thursday,5.004,3.823,3.188,635.0
2/14/2020,Friday,3.675,2.949,2.529,420.0
2/15/2020,Saturday,2.556,2.024,1.757,267.0
2/16/2020,Sunday,3.732,2.808,2.361,447.0
2/17/2020,Monday,4.958,3.951,3.382,569.0
2/18/2020,Tuesday,4.869,3.806,3.273,533.0
2/19/2020,Wednesday,5.224,4.042,3.495,547.0
2/20/2020,Thursday,4.89,3.748,3.212,536.0
2/21/2020,Friday,3.678,2.914,2.528,386.0
2/22/2020,Saturday,2.456,2.025,1.759,266.0
2/23/2020,Sunday,3.444,2.708,2.387,321.0
2/24/2020,Monday,5.0,3.974,3.39,584.0
2/25/2020,Tuesday,5.496,4.21,3.601,609.0
2/26/2020,Wednesday,5.059,4.014,3.468,546.0
2/27/2020,Thursday,4.813,3.759,3.247,512.0
2/28/2020,Friday,3.81,3.052,2.569,483.0
2/29/2020,Saturday,2.682,2.169,1.858,311.0
3/1/2020,Sunday,3.332,2.754,2.379,375.0
3/2/2020,Monday,4.872,3.801,3.264,537.0
3/3/2020,Tuesday,5.097,3.956,3.452,504.0
3/4/2020,Wednesday,4.714,3.591,3.118,473.0
3/5/2020,Thursday,5.048,3.994,3.428,566.0
3/6/2020,Friday,3.698,2.843,2.386,457.0
3/7/2020,Saturday,2.67,2.095,1.798,297.0
3/8/2020,Sunday,3.416,2.743,2.362,381.0
3/9/2020,Monday,4.731,3.83,3.269,561.0
3/10/2020,Tuesday,4.82,3.718,3.169,549.0
3/11/2020,Wednesday,4.813,3.711,3.182,529.0
3/12/2020,Thursday,4.393,3.508,2.952,556.0
3/13/2020,Friday,3.316,2.613,2.172,441.0
3/14/2020,Saturday,2.416,1.888,1.569,319.0
3/15/2020,Sunday,2.934,2.251,1.937,314.0
3/16/2020,Monday,2.732,2.157,1.809,348.0
3/17/2020,Tuesday,3.805,3.007,2.525,482.0
3/18/2020,Wednesday,3.748,2.976,2.508,468.0
3/19/2020,Thursday,3.678,2.883,2.471,412.0
3/20/2020,Friday,3.322,2.647,2.239,408.0
3/21/2020,Saturday,2.701,2.049,1.749,300.0
3/22/2020,Sunday,3.263,2.469,2.12,349.0
3/23/2020,Monday,4.105,3.166,2.69,476.0
3/24/2020,Tuesday,4.156,3.247,2.766,481.0
3/25/2020,Wednesday,4.153,3.367,2.878,489.0
3/26/2020,Thursday,4.256,3.394,2.944,450.0
3/27/2020,Friday,3.818,3.002,2.588,414.0
3/28/2020,Saturday,3.045,2.438,2.103,335.0
3/29/2020,Sunday,4.079,3.047,2.603,444.0
3/30/2020,Monday,4.899,3.852,3.28,572.0
3/31/2020,Tuesday,4.943,3.822,3.31,512.0
4/1/2020,Wednesday,4.907,3.799,3.317,482.0
4/2/2020,Thursday,4.933,3.838,3.305,533.0
4/3/2020,Friday,4.665,3.498,2.975,523.0
4/4/2020,Saturday,3.366,2.536,2.175,361.0
4/5/2020,Sunday,3.976,3.045,2.644,401.0
4/6/2020,Monday,4.981,3.921,3.351,570.0
4/7/2020,Tuesday,5.331,4.144,3.552,592.0
4/8/2020,Wednesday,5.331,4.203,3.656,547.0
4/9/2020,Thursday,5.063,3.982,3.426,556.0
4/10/2020,Friday,4.252,3.354,2.869,485.0
4/11/2020,Saturday,3.656,2.712,2.279,433.0
4/12/2020,Sunday,4.152,3.125,2.666,459.0
4/13/2020,Monday,5.089,3.922,3.379,543.0
4/14/2020,Tuesday,5.491,4.314,3.721,593.0
4/15/2020,Wednesday,5.665,4.424,3.754,670.0
4/16/2020,Thursday,5.423,4.203,3.592,611.0
4/17/2020,Friday,4.688,3.682,3.146,536.0
4/18/2020,Saturday,4.055,3.007,2.521,486.0
4/19/2020,Sunday,4.83,3.671,3.057,614.0
4/20/2020,Monday,5.908,4.517,3.869,648.0
4/21/2020,Tuesday,5.633,4.377,3.722,655.0
4/22/2020,Wednesday,5.786,4.52,3.856,664.0
4/23/2020,Thursday,5.967,4.758,4.074,684.0
4/24/2020,Friday,4.937,3.879,3.319,560.0
4/25/2020,Saturday,4.327,3.284,2.814,470.0
4/26/2020,Sunday,5.086,3.964,3.393,571.0
4/27/2020,Monday,6.038,4.771,4.054,717.0
4/28/2020,Tuesday,6.324,4.92,4.21,710.0
4/29/2020,Wednesday,6.062,4.735,4.006,729.0
4/30/2020,Thursday,5.52,4.375,3.776,599.0
5/1/2020,Friday,4.67,3.621,3.068,553.0
5/2/2020,Saturday,4.171,3.145,2.683,462.0
5/3/2020,Sunday,4.716,3.648,3.067,581.0
5/4/2020,Monday,5.939,4.567,3.882,685.0
5/5/2020,Tuesday,6.361,4.9,4.169,731.0
5/6/2020,Wednesday,6.659,5.322,4.58,742.0
5/7/2020,Thursday,6.264,4.857,4.067,790.0
5/8/2020,Friday,5.359,4.202,3.592,610.0
5/9/2020,Saturday,4.593,3.452,2.932,520.0
5/10/2020,Sunday,5.092,3.917,3.338,579.0
5/11/2020,Monday,6.563,5.112,4.278,834.0
5/12/2020,Tuesday,6.124,4.775,4.028,747.0
5/13/2020,Wednesday,5.817,4.596,3.886,710.0
5/14/2020,Thursday,6.057,4.583,3.937,646.0
5/15/2020,Friday,4.958,3.829,3.183,646.0
5/16/2020,Saturday,3.651,2.827,2.384,443.0
5/17/2020,Sunday,4.248,3.291,2.737,554.0
5/18/2020,Monday,5.624,4.231,3.588,643.0
5/19/2020,Tuesday,5.595,4.3,3.666,634.0
5/20/2020,Wednesday,5.213,4.106,3.466,640.0
5/21/2020,Thursday,5.156,3.99,3.372,618.0
5/22/2020,Friday,4.35,3.343,2.816,527.0
5/23/2020,Saturday,3.446,2.696,2.291,405.0
5/24/2020,Sunday,3.945,2.969,2.479,490.0
5/25/2020,Monday,4.639,3.61,3.054,556.0
5/26/2020,Tuesday,5.224,4.069,3.416,653.0
5/27/2020,Wednesday,5.242,4.105,3.474,631.0
5/28/2020,Thursday,4.939,3.966,3.371,595.0
5/29/2020,Friday,4.387,3.486,2.949,537.0
5/30/2020,Saturday,3.327,2.583,2.189,394.0
5/31/2020,Sunday,3.692,2.919,2.482,437.0
6/1/2020,Monday,4.734,3.707,3.133,574.0
6/2/2020,Tuesday,4.727,3.69,3.057,633.0
6/3/2020,Wednesday,4.994,3.869,3.239,630.0
6/4/2020,Thursday,4.767,3.733,3.156,577.0
6/5/2020,Friday,4.124,3.247,2.778,469.0
6/6/2020,Saturday,3.23,2.425,2.045,380.0
6/7/2020,Sunday,3.906,3.049,2.574,475.0
6/8/2020,Monday,4.895,3.787,3.188,599.0
6/9/2020,Tuesday,4.871,3.644,3.05,594.0
6/10/2020,Wednesday,4.989,3.857,3.269,588.0
6/11/2020,Thursday,4.633,3.56,3.015,545.0
6/12/2020,Friday,4.475,3.292,2.757,535.0
6/13/2020,Saturday,2.967,2.304,1.942,362.0
6/14/2020,Sunday,3.507,2.684,2.282,402.0
6/15/2020,Monday,4.337,3.348,2.794,554.0
6/16/2020,Tuesday,4.47,3.461,2.964,497.0
6/17/2020,Wednesday,4.439,3.45,2.898,552.0
6/18/2020,Thursday,4.895,3.677,3.132,545.0
6/19/2020,Friday,3.924,2.911,2.459,452.0
6/20/2020,Saturday,2.827,2.19,1.851,339.0
6/21/2020,Sunday,3.481,2.668,2.256,412.0
6/22/2020,Monday,4.627,3.493,2.935,558.0
6/23/2020,Tuesday,4.561,3.493,2.95,543.0
6/24/2020,Wednesday,4.626,3.521,2.982,539.0
6/25/2020,Thursday,4.137,3.215,2.668,547.0
6/26/2020,Friday,3.555,2.675,2.248,427.0
6/27/2020,Saturday,2.671,1.999,1.68,319.0
6/28/2020,Sunday,3.486,2.635,2.233,402.0
6/29/2020,Monday,4.0,3.119,2.616,503.0
6/30/2020,Tuesday,3.828,3.013,2.553,460.0
7/1/2020,Wednesday,3.935,3.049,2.599,450.0
7/2/2020,Thursday,3.633,2.881,2.397,484.0
7/3/2020,Friday,2.997,2.286,1.932,354.0
7/4/2020,Saturday,2.194,1.704,1.42,284.0
7/5/2020,Sunday,2.948,2.198,1.836,362.0
7/6/2020,Monday,4.049,3.215,2.724,491.0
7/7/2020,Tuesday,3.792,2.998,2.485,513.0
7/8/2020,Wednesday,4.029,3.096,2.613,483.0
7/9/2020,Thursday,3.945,3.039,2.587,452.0
7/10/2020,Friday,3.523,2.62,2.173,447.0
7/11/2020,Saturday,2.646,1.981,1.665,316.0
7/12/2020,Sunday,3.454,2.611,2.213,398.0
7/13/2020,Monday,3.703,2.916,2.459,457.0
7/14/2020,Tuesday,3.68,2.853,2.397,456.0
7/15/2020,Wednesday,3.479,2.627,2.196,431.0
7/16/2020,Thursday,3.756,2.916,2.463,453.0
7/17/2020,Friday,3.289,2.557,2.122,435.0
7/18/2020,Saturday,2.416,1.892,1.606,286.0
7/19/2020,Sunday,2.793,2.197,1.892,305.0
7/20/2020,Monday,3.749,2.881,2.428,453.0
7/21/2020,Tuesday,3.786,2.889,2.45,439.0
7/22/2020,Wednesday,4.002,3.039,2.566,473.0
7/23/2020,Thursday,3.823,3.033,2.525,508.0
7/24/2020,Friday,3.43,2.623,2.262,361.0
7/25/2020,Saturday,2.4,1.767,1.487,280.0
7/26/2020,Sunday,2.835,2.207,1.869,338.0
7/27/2020,Monday,4.001,3.031,2.523,508.0
7/28/2020,Tuesday,3.795,2.969,2.525,444.0
7/29/2020,Wednesday,3.903,3.01,2.591,419.0
7/30/2020,Thursday,3.397,2.687,2.265,422.0
7/31/2020,Friday,3.005,2.317,1.887,430.0
8/1/2020,Saturday,2.305,1.75,1.479,271.0
8/2/2020,Sunday,2.696,1.993,1.701,292.0
8/3/2020,Monday,3.866,2.814,2.368,446.0
8/4/2020,Tuesday,3.826,2.845,2.4,445.0
8/5/2020,Wednesday,3.673,2.774,2.334,440.0
8/6/2020,Thursday,3.66,2.625,2.189,436.0
8/7/2020,Friday,3.136,2.364,1.941,423.0
8/8/2020,Saturday,2.223,1.628,1.354,274.0
8/9/2020,Sunday,2.623,1.941,1.644,297.0
8/10/2020,Monday,3.638,2.745,2.325,420.0
8/11/2020,Tuesday,3.74,2.742,2.258,484.0
8/12/2020,Wednesday,3.767,2.904,2.477,427.0
8/13/2020,Thursday,3.621,2.78,2.322,458.0
8/14/2020,Friday,2.971,2.308,1.922,386.0
8/15/2020,Saturday,2.221,1.696,1.373,323.0
8/16/2020,Sunday,2.724,2.037,1.686,351.0
8/17/2020,Monday,3.456,2.638,2.181,457.0
8/18/2020,Tuesday,3.581,2.683,2.184,499.0
8/19/2020,Wednesday,2.064,1.564,1.297,267.0
